"AAU,gene:lpg4092",lpg4092
"AAU26109,gene:lpg0001",lpg0001
"AAU26110,gene:lpg0002",lpg0002
"AAU26111,gene:lpg0003",lpg0003
"AAU26112,gene:lpg0004",lpg0004
"AAU26113,gene:lpg0005",lpg0005
"AAU26114,gene:lpg0006",lpg0006
"AAU26115,gene:lpg0007",lpg0007
"AAU26116,gene:lpg0008",lpg0008
"AAU26117,gene:lpg0009",lpg0009
"AAU26118,gene:lpg0010",lpg0010
"AAU26119,gene:lpg0011",lpg0011
"AAU26120,gene:lpg0012",lpg0012
"AAU26121,gene:lpg0013",lpg0013
"AAU26122,gene:lpg0014",lpg0014
"AAU26123,gene:lpg0015",lpg0015
"AAU26124,gene:lpg0016",lpg0016
"AAU26125,gene:lpg0017",lpg0017
"AAU26126,gene:lpg0018",lpg0018
"AAU26127,gene:lpg0019",lpg0019
"AAU26128,gene:lpg0020",lpg0020
"AAU26129,gene:lpg0021",lpg0021
"AAU26130,gene:lpg0022",lpg0022
"AAU26131,gene:lpg0023",lpg0023
"AAU26132,gene:lpg0024",lpg0024
"AAU26133,gene:lpg0025",lpg0025
"AAU26134,gene:lpg0026",lpg0026
"AAU26135,gene:lpg0027",lpg0027
"AAU26136,gene:lpg0028",lpg0028
"AAU26137,gene:lpg0029",lpg0029
"AAU26138,gene:lpg0030",lpg0030
"AAU26139,gene:lpg0031",lpg0031
"AAU26140,gene:lpg0032",lpg0032
"AAU26141,gene:lpg0033",lpg0033
"AAU26142,gene:lpg0034",lpg0034
"AAU26143,gene:lpg0035",lpg0035
"AAU26144,gene:lpg0036",lpg0036
"AAU26145,gene:lpg0037",lpg0037
"AAU26146,gene:lpg0038",lpg0038
"AAU26147,gene:lpg0039",lpg0039
"AAU26148,gene:lpg0040",lpg0040
"AAU26149,gene:lpg0041",lpg0041
"AAU26150,gene:lpg0042",lpg0042
"AAU26151,gene:lpg0043",lpg0043
"AAU26152,gene:lpg0044",lpg0044
"AAU26153,gene:lpg0045",lpg0045
"AAU26154,gene:lpg0046",lpg0046
"AAU26155,gene:lpg0047",lpg0047
"AAU26156,gene:lpg0048",lpg0048
"AAU26157,gene:lpg0049",lpg0049
"AAU26158,gene:lpg0050",lpg0050
"AAU26159,gene:lpg0051",lpg0051
"AAU26160,gene:lpg0052",lpg0052
"AAU26161,gene:lpg0053",lpg0053
"AAU26162,gene:lpg0054",lpg0054
"AAU26163,gene:lpg0055",lpg0055
"AAU26164,gene:lpg0056",lpg0056
"AAU26165,gene:lpg0057",lpg0057
"AAU26166,gene:lpg0058",lpg0058
"AAU26167,gene:lpg0059",lpg0059
"AAU26168,gene:lpg0060",lpg0060
"AAU26169,gene:lpg0061",lpg0061
"AAU26170,gene:lpg0062",lpg0062
"AAU26171,gene:lpg0063",lpg0063
"AAU26172,gene:lpg0064",lpg0064
"AAU26173,gene:lpg0065",lpg0065
"AAU26174,gene:lpg0066",lpg0066
"AAU26175,gene:lpg0067",lpg0067
"AAU26176,gene:lpg0068",lpg0068
"AAU26177,gene:lpg0070",lpg0070
"AAU26178,gene:lpg0071",lpg0071
"AAU26179,gene:lpg0072",lpg0072
"AAU26180,gene:lpg0073",lpg0073
"AAU26181,gene:lpg0074",lpg0074
"AAU26182,gene:lpg0075",lpg0075
"AAU26183,gene:lpg0076",lpg0076
"AAU26184,gene:lpg0077",lpg0077
"AAU26185,gene:lpg0078",lpg0078
"AAU26186,gene:lpg0079",lpg0079
"AAU26187,gene:lpg0080",lpg0080
"AAU26188,gene:lpg0081",lpg0081
"AAU26189,gene:lpg0082",lpg0082
"AAU26190,gene:lpg0083",lpg0083
"AAU26191,gene:lpg0084",lpg0084
"AAU26192,gene:lpg0085",lpg0085
"AAU26193,gene:lpg0086",lpg0086
"AAU26194,gene:lpg0087",lpg0087
"AAU26195,gene:lpg0088",lpg0088
"AAU26196,gene:lpg0089",lpg0089
"AAU26197,gene:lpg0090",lpg0090
"AAU26198,gene:lpg0091",lpg0091
"AAU26199,gene:lpg0092",lpg0092
"AAU26200,gene:lpg0093",lpg0093
"AAU26201,gene:lpg0094",lpg0094
"AAU26202,gene:lpg0095",lpg0095
"AAU26203,gene:lpg0096",lpg0096
"AAU26204,gene:lpg0097",lpg0097
"AAU26205,gene:lpg0098",lpg0098
"AAU26206,gene:lpg0099",lpg0099
"AAU26207,gene:lpg0100",lpg0100
"AAU26208,gene:lpg0101",lpg0101
"AAU26209,gene:lpg0102",lpg0102
"AAU26210,gene:lpg0103",lpg0103
"AAU26211,gene:lpg0104",lpg0104
"AAU26212,gene:lpg0105",lpg0105
"AAU26213,gene:lpg0106",lpg0106
"AAU26214,gene:lpg0107",lpg0107
"AAU26215,gene:lpg0108",lpg0108
"AAU26216,gene:lpg0109",lpg0109
"AAU26217,gene:lpg0110",lpg0110
"AAU26218,gene:lpg0111",lpg0111
"AAU26219,gene:lpg0112",lpg0112
"AAU26220,gene:lpg0113",lpg0113
"AAU26221,gene:lpg0114",lpg0114
"AAU26222,gene:lpg0115",lpg0115
"AAU26223,gene:lpg0116",lpg0116
"AAU26224,gene:lpg0117",lpg0117
"AAU26225,gene:lpg0118",lpg0118
"AAU26226,gene:lpg0119",lpg0119
"AAU26227,gene:lpg0120",lpg0120
"AAU26228,gene:lpg0121",lpg0121
"AAU26229,gene:lpg0122",lpg0122
"AAU26230,gene:lpg0123",lpg0123
"AAU26231,gene:lpg0124",lpg0124
"AAU26232,gene:lpg0125",lpg0125
"AAU26233,gene:lpg0126",lpg0126
"AAU26234,gene:lpg0127",lpg0127
"AAU26235,gene:lpg0128",lpg0128
"AAU26236,gene:lpg0129",lpg0129
"AAU26237,gene:lpg0130",lpg0130
"AAU26238,gene:lpg0131",lpg0131
"AAU26239,gene:lpg0132",lpg0132
"AAU26240,gene:lpg0133",lpg0133
"AAU26241,gene:lpg0134",lpg0134
"AAU26242,gene:lpg0135",lpg0135
"AAU26243,gene:lpg0136",lpg0136
"AAU26244,gene:lpg0137",lpg0137
"AAU26245,gene:lpg0138",lpg0138
"AAU26246,gene:lpg0139",lpg0139
"AAU26247,gene:lpg0140",lpg0140
"AAU26248,gene:lpg0141",lpg0141
"AAU26249,gene:lpg0142",lpg0142
"AAU26250,gene:lpg0144",lpg0144
"AAU26251,gene:lpg0143",lpg0143
"AAU26252,gene:lpg0145",lpg0145
"AAU26253,gene:lpg0146",lpg0146
"AAU26254,gene:lpg0147",lpg0147
"AAU26255,gene:lpg0148",lpg0148
"AAU26256,gene:lpg0149",lpg0149
"AAU26257,gene:lpg0150",lpg0150
"AAU26258,gene:lpg0151",lpg0151
"AAU26259,gene:lpg0152",lpg0152
"AAU26260,gene:lpg0153",lpg0153
"AAU26261,gene:lpg0154",lpg0154
"AAU26262,gene:lpg0155",lpg0155
"AAU26263,gene:lpg0156",lpg0156
"AAU26264,gene:lpg0157",lpg0157
"AAU26265,gene:lpg0158",lpg0158
"AAU26266,gene:lpg0159",lpg0159
"AAU26267,gene:lpg0160",lpg0160
"AAU26268,gene:lpg0161",lpg0161
"AAU26269,gene:lpg0162",lpg0162
"AAU26270,gene:lpg0163",lpg0163
"AAU26271,gene:lpg0164",lpg0164
"AAU26272,gene:lpg0165",lpg0165
"AAU26273,gene:lpg0166",lpg0166
"AAU26274,gene:lpg0167",lpg0167
"AAU26275,gene:lpg0168",lpg0168
"AAU26276,gene:lpg0169",lpg0169
"AAU26277,gene:lpg0170",lpg0170
"AAU26278,gene:lpg0171",lpg0171
"AAU26279,gene:lpg0172",lpg0172
"AAU26280,gene:lpg0173",lpg0173
"AAU26281,gene:lpg0174",lpg0174
"AAU26282,gene:lpg0175",lpg0175
"AAU26283,gene:lpg0176",lpg0176
"AAU26284,gene:lpg0177",lpg0177
"AAU26285,gene:lpg0178",lpg0178
"AAU26286,gene:lpg0179",lpg0179
"AAU26287,gene:lpg0180",lpg0180
"AAU26288,gene:lpg0181",lpg0181
"AAU26289,gene:lpg0182",lpg0182
"AAU26290,gene:lpg0183",lpg0183
"AAU26291,gene:lpg0184",lpg0184
"AAU26292,gene:lpg0185",lpg0185
"AAU26293,gene:lpg0186",lpg0186
"AAU26294,gene:lpg0187",lpg0187
"AAU26295,gene:lpg0188",lpg0188
"AAU26296,gene:lpg0189",lpg0189
"AAU26297,gene:lpg0190",lpg0190
"AAU26298,gene:lpg0191",lpg0191
"AAU26299,gene:lpg0192",lpg0192
"AAU26300,gene:lpg0193",lpg0193
"AAU26301,gene:lpg0194",lpg0194
"AAU26302,gene:lpg0195",lpg0195
"AAU26303,gene:lpg0196",lpg0196
"AAU26304,gene:lpg0197",lpg0197
"AAU26305,gene:lpg0198",lpg0198
"AAU26306,gene:lpg0199",lpg0199
"AAU26307,gene:lpg0200",lpg0200
"AAU26308,gene:lpg0201",lpg0201
"AAU26309,gene:lpg0202",lpg0202
"AAU26310,gene:lpg0203",lpg0203
"AAU26311,gene:lpg0204",lpg0204
"AAU26312,gene:lpg0205",lpg0205
"AAU26313,gene:lpg0206",lpg0206
"AAU26314,gene:lpg0207",lpg0207
"AAU26315,gene:lpg0208",lpg0208
"AAU26316,gene:lpg0209",lpg0209
"AAU26317,gene:lpg0210",lpg0210
"AAU26318,gene:lpg0211",lpg0211
"AAU26319,gene:lpg0212",lpg0212
"AAU26320,gene:lpg0213",lpg0213
"AAU26321,gene:lpg0214",lpg0214
"AAU26322,gene:lpg0215",lpg0215
"AAU26323,gene:lpg0216",lpg0216
"AAU26324,gene:lpg0217",lpg0217
"AAU26325,gene:lpg0218",lpg0218
"AAU26326,gene:lpg0219",lpg0219
"AAU26327,gene:lpg0220",lpg0220
"AAU26328,gene:lpg0221",lpg0221
"AAU26329,gene:lpg0222",lpg0222
"AAU26330,gene:lpg0223",lpg0223
"AAU26331,gene:lpg0224",lpg0224
"AAU26332,gene:lpg0225",lpg0225
"AAU26333,gene:lpg0226",lpg0226
"AAU26334,gene:lpg0227",lpg0227
"AAU26335,gene:lpg0228",lpg0228
"AAU26336,gene:lpg0229",lpg0229
"AAU26337,gene:lpg0230",lpg0230
"AAU26338,gene:lpg0231",lpg0231
"AAU26339,gene:lpg0232",lpg0232
"AAU26340,gene:lpg0233",lpg0233
"AAU26341,gene:lpg0234",lpg0234
"AAU26342,gene:lpg0235",lpg0235
"AAU26343,gene:lpg0236",lpg0236
"AAU26344,gene:lpg0237",lpg0237
"AAU26345,gene:lpg0238",lpg0238
"AAU26346,gene:lpg0239",lpg0239
"AAU26347,gene:lpg0240",lpg0240
"AAU26348,gene:lpg0241",lpg0241
"AAU26349,gene:lpg0242",lpg0242
"AAU26350,gene:lpg0243",lpg0243
"AAU26351,gene:lpg0244",lpg0244
"AAU26352,gene:lpg0245",lpg0245
"AAU26353,gene:lpg0246",lpg0246
"AAU26354,gene:lpg0247",lpg0247
"AAU26355,gene:lpg0248",lpg0248
"AAU26356,gene:lpg0249",lpg0249
"AAU26357,gene:lpg0250",lpg0250
"AAU26358,gene:lpg0251",lpg0251
"AAU26359,gene:lpg0252",lpg0252
"AAU26360,gene:lpg0253",lpg0253
"AAU26361,gene:lpg0254",lpg0254
"AAU26362,gene:lpg0255",lpg0255
"AAU26363,gene:lpg0256",lpg0256
"AAU26364,gene:lpg0257",lpg0257
"AAU26365,gene:lpg0258",lpg0258
"AAU26366,gene:lpg0259",lpg0259
"AAU26367,gene:lpg0260",lpg0260
"AAU26368,gene:lpg0261",lpg0261
"AAU26369,gene:lpg0262",lpg0262
"AAU26370,gene:lpg0263",lpg0263
"AAU26371,gene:lpg0264",lpg0264
"AAU26372,gene:lpg0265",lpg0265
"AAU26373,gene:lpg0266",lpg0266
"AAU26374,gene:lpg0267",lpg0267
"AAU26375,gene:lpg0268",lpg0268
"AAU26376,gene:lpg0269",lpg0269
"AAU26377,gene:lpg0270",lpg0270
"AAU26378,gene:lpg0271",lpg0271
"AAU26379,gene:lpg0272",lpg0272
"AAU26380,gene:lpg0273",lpg0273
"AAU26381,gene:lpg0274",lpg0274
"AAU26382,gene:lpg0275",lpg0275
"AAU26383,gene:lpg0276",lpg0276
"AAU26384,gene:lpg0277",lpg0277
"AAU26385,gene:lpg0278",lpg0278
"AAU26386,gene:lpg0279",lpg0279
"AAU26387,gene:lpg0280",lpg0280
"AAU26388,gene:lpg0281",lpg0281
"AAU26389,gene:lpg0282",lpg0282
"AAU26390,gene:lpg0283",lpg0283
"AAU26391,gene:lpg0284",lpg0284
"AAU26392,gene:lpg0285",lpg0285
"AAU26393,gene:lpg0286",lpg0286
"AAU26394,gene:lpg0287",lpg0287
"AAU26395,gene:lpg0288",lpg0288
"AAU26396,gene:lpg0289",lpg0289
"AAU26397,gene:lpg0290",lpg0290
"AAU26398,gene:lpg0291",lpg0291
"AAU26399,gene:lpg0292",lpg0292
"AAU26400,gene:lpg0293",lpg0293
"AAU26401,gene:lpg0294",lpg0294
"AAU26402,gene:lpg0295",lpg0295
"AAU26403,gene:lpg0296",lpg0296
"AAU26404,gene:lpg0297",lpg0297
"AAU26405,gene:lpg0298",lpg0298
"AAU26406,gene:lpg0299",lpg0299
"AAU26407,gene:lpg0300",lpg0300
"AAU26408,gene:lpg0301",lpg0301
"AAU26409,gene:lpg0305",lpg0305
"AAU26410,gene:lpg0306",lpg0306
"AAU26411,gene:lpg0307",lpg0307
"AAU26412,gene:lpg0314",lpg0314
"AAU26413,gene:lpg0316",lpg0316
"AAU26414,gene:lpg0317",lpg0317
"AAU26415,gene:lpg0318",lpg0318
"AAU26416,gene:lpg0319",lpg0319
"AAU26417,gene:lpg0320",lpg0320
"AAU26418,gene:lpg0321",lpg0321
"AAU26419,gene:lpg0322",lpg0322
"AAU26420,gene:lpg0323",lpg0323
"AAU26421,gene:lpg0324",lpg0324
"AAU26422,gene:lpg0325",lpg0325
"AAU26423,gene:lpg0326",lpg0326
"AAU26424,gene:lpg0327",lpg0327
"AAU26425,gene:lpg0328",lpg0328
"AAU26426,gene:lpg0329",lpg0329
"AAU26427,gene:lpg0330",lpg0330
"AAU26428,gene:lpg0331",lpg0331
"AAU26429,gene:lpg0332",lpg0332
"AAU26430,gene:lpg0333",lpg0333
"AAU26431,gene:lpg0334",lpg0334
"AAU26432,gene:lpg0335",lpg0335
"AAU26433,gene:lpg0336",lpg0336
"AAU26434,gene:lpg0337",lpg0337
"AAU26435,gene:lpg0338",lpg0338
"AAU26436,gene:lpg0339",lpg0339
"AAU26437,gene:lpg0340",lpg0340
"AAU26438,gene:lpg0341",lpg0341
"AAU26439,gene:lpg0342",lpg0342
"AAU26440,gene:lpg0343",lpg0343
"AAU26441,gene:lpg0344",lpg0344
"AAU26442,gene:lpg0345",lpg0345
"AAU26443,gene:lpg0346",lpg0346
"AAU26444,gene:lpg0347",lpg0347
"AAU26445,gene:lpg0348",lpg0348
"AAU26446,gene:lpg0349",lpg0349
"AAU26447,gene:lpg0350",lpg0350
"AAU26448,gene:lpg0351",lpg0351
"AAU26449,gene:lpg0352",lpg0352
"AAU26450,gene:lpg0353",lpg0353
"AAU26451,gene:lpg0354",lpg0354
"AAU26452,gene:lpg0355",lpg0355
"AAU26453,gene:lpg0356",lpg0356
"AAU26454,gene:lpg0357",lpg0357
"AAU26455,gene:lpg0358",lpg0358
"AAU26456,gene:lpg0359",lpg0359
"AAU26457,gene:lpg0360",lpg0360
"AAU26458,gene:lpg0361",lpg0361
"AAU26459,gene:lpg0362",lpg0362
"AAU26460,gene:lpg0363",lpg0363
"AAU26461,gene:lpg0364",lpg0364
"AAU26462,gene:lpg0365",lpg0365
"AAU26463,gene:lpg0366",lpg0366
"AAU26464,gene:lpg0367",lpg0367
"AAU26465,gene:lpg0368",lpg0368
"AAU26466,gene:lpg0369",lpg0369
"AAU26467,gene:lpg0370",lpg0370
"AAU26468,gene:lpg0371",lpg0371
"AAU26469,gene:lpg0372",lpg0372
"AAU26470,gene:lpg0373",lpg0373
"AAU26471,gene:lpg0374",lpg0374
"AAU26472,gene:lpg0375",lpg0375
"AAU26473,gene:lpg0376",lpg0376
"AAU26474,gene:lpg0377",lpg0377
"AAU26475,gene:lpg0378",lpg0378
"AAU26476,gene:lpg0379",lpg0379
"AAU26477,gene:lpg0380",lpg0380
"AAU26478,gene:lpg0381",lpg0381
"AAU26479,gene:lpg0382",lpg0382
"AAU26480,gene:lpg0383",lpg0383
"AAU26481,gene:lpg0384",lpg0384
"AAU26482,gene:lpg0385",lpg0385
"AAU26483,gene:lpg0386",lpg0386
"AAU26484,gene:lpg0387",lpg0387
"AAU26485,gene:lpg0388",lpg0388
"AAU26486,gene:lpg0389",lpg0389
"AAU26487,gene:lpg0390",lpg0390
"AAU26488,gene:lpg0391",lpg0391
"AAU26489,gene:lpg0392",lpg0392
"AAU26490,gene:lpg0393",lpg0393
"AAU26491,gene:lpg0394",lpg0394
"AAU26492,gene:lpg0395",lpg0395
"AAU26493,gene:lpg0396",lpg0396
"AAU26494,gene:lpg0397",lpg0397
"AAU26495,gene:lpg0398",lpg0398
"AAU26496,gene:lpg0399",lpg0399
"AAU26497,gene:lpg0400",lpg0400
"AAU26498,gene:lpg0401",lpg0401
"AAU26499,gene:lpg0402",lpg0402
"AAU26500,gene:lpg0403",lpg0403
"AAU26501,gene:lpg0404",lpg0404
"AAU26502,gene:lpg0405",lpg0405
"AAU26503,gene:lpg0406",lpg0406
"AAU26504,gene:lpg0407",lpg0407
"AAU26505,gene:lpg0408",lpg0408
"AAU26506,gene:lpg0409",lpg0409
"AAU26507,gene:lpg0410",lpg0410
"AAU26508,gene:lpg0411",lpg0411
"AAU26509,gene:lpg0412",lpg0412
"AAU26510,gene:lpg0413",lpg0413
"AAU26511,gene:lpg0414",lpg0414
"AAU26512,gene:lpg0415",lpg0415
"AAU26513,gene:lpg0416",lpg0416
"AAU26514,gene:lpg0417",lpg0417
"AAU26515,gene:lpg0418",lpg0418
"AAU26516,gene:lpg0419",lpg0419
"AAU26517,gene:lpg0420",lpg0420
"AAU26518,gene:lpg0421",lpg0421
"AAU26519,gene:lpg0422",lpg0422
"AAU26520,gene:lpg0423",lpg0423
"AAU26521,gene:lpg0424",lpg0424
"AAU26522,gene:lpg0425",lpg0425
"AAU26523,gene:lpg0426",lpg0426
"AAU26524,gene:lpg0427",lpg0427
"AAU26525,gene:lpg0428",lpg0428
"AAU26526,gene:lpg0429",lpg0429
"AAU26527,gene:lpg0430",lpg0430
"AAU26528,gene:lpg0431",lpg0431
"AAU26529,gene:lpg0432",lpg0432
"AAU26530,gene:lpg0433",lpg0433
"AAU26531,gene:lpg0434",lpg0434
"AAU26532,gene:lpg0435",lpg0435
"AAU26533,gene:lpg0436",lpg0436
"AAU26534,gene:lpg0437",lpg0437
"AAU26535,gene:lpg0438",lpg0438
"AAU26536,gene:lpg0439",lpg0439
"AAU26537,gene:lpg0440",lpg0440
"AAU26538,gene:lpg0441",lpg0441
"AAU26539,gene:lpg0442",lpg0442
"AAU26540,gene:lpg0443",lpg0443
"AAU26541,gene:lpg0444",lpg0444
"AAU26542,gene:lpg0445",lpg0445
"AAU26543,gene:lpg0446",lpg0446
"AAU26544,gene:lpg0447",lpg0447
"AAU26545,gene:lpg0448",lpg0448
"AAU26546,gene:lpg0449",lpg0449
"AAU26547,gene:lpg0450",lpg0450
"AAU26548,gene:lpg0451",lpg0451
"AAU26549,gene:lpg0452",lpg0452
"AAU26550,gene:lpg0453",lpg0453
"AAU26551,gene:lpg0454",lpg0454
"AAU26552,gene:lpg0455",lpg0455
"AAU26553,gene:lpg0456",lpg0456
"AAU26554,gene:lpg0457",lpg0457
"AAU26555,gene:lpg0458",lpg0458
"AAU26556,gene:lpg0459",lpg0459
"AAU26557,gene:lpg0460",lpg0460
"AAU26558,gene:lpg0461",lpg0461
"AAU26559,gene:lpg0462",lpg0462
"AAU26560,gene:lpg0463",lpg0463
"AAU26561,gene:lpg0464",lpg0464
"AAU26562,gene:lpg0465",lpg0465
"AAU26563,gene:lpg0466",lpg0466
"AAU26564,gene:lpg0467",lpg0467
"AAU26565,gene:lpg0468",lpg0468
"AAU26566,gene:lpg0469",lpg0469
"AAU26567,gene:lpg0470",lpg0470
"AAU26568,gene:lpg0471",lpg0471
"AAU26569,gene:lpg0472",lpg0472
"AAU26570,gene:lpg0473",lpg0473
"AAU26571,gene:lpg0474",lpg0474
"AAU26572,gene:lpg0475",lpg0475
"AAU26573,gene:lpg0476",lpg0476
"AAU26574,gene:lpg0477",lpg0477
"AAU26575,gene:lpg0478",lpg0478
"AAU26576,gene:lpg0479",lpg0479
"AAU26577,gene:lpg0480",lpg0480
"AAU26578,gene:lpg0481",lpg0481
"AAU26579,gene:lpg0482",lpg0482
"AAU26580,gene:lpg0483",lpg0483
"AAU26581,gene:lpg0484",lpg0484
"AAU26582,gene:lpg0485",lpg0485
"AAU26583,gene:lpg0486",lpg0486
"AAU26584,gene:lpg0487",lpg0487
"AAU26585,gene:lpg0488",lpg0488
"AAU26586,gene:lpg0489",lpg0489
"AAU26587,gene:lpg0490",lpg0490
"AAU26588,gene:lpg0491",lpg0491
"AAU26589,gene:lpg0492",lpg0492
"AAU26590,gene:lpg0493",lpg0493
"AAU26591,gene:lpg0494",lpg0494
"AAU26592,gene:lpg0495",lpg0495
"AAU26593,gene:lpg0496",lpg0496
"AAU26594,gene:lpg0497",lpg0497
"AAU26595,gene:lpg0498",lpg0498
"AAU26596,gene:lpg0499",lpg0499
"AAU26597,gene:lpg0500",lpg0500
"AAU26598,gene:lpg0501",lpg0501
"AAU26599,gene:lpg0502",lpg0502
"AAU26600,gene:lpg0503",lpg0503
"AAU26601,gene:lpg0504",lpg0504
"AAU26602,gene:lpg0505",lpg0505
"AAU26603,gene:lpg0506",lpg0506
"AAU26604,gene:lpg0507",lpg0507
"AAU26605,gene:lpg0508",lpg0508
"AAU26606,gene:lpg0509",lpg0509
"AAU26607,gene:lpg0510",lpg0510
"AAU26608,gene:lpg0511",lpg0511
"AAU26609,gene:lpg0512",lpg0512
"AAU26610,gene:lpg0513",lpg0513
"AAU26611,gene:lpg0514",lpg0514
"AAU26612,gene:lpg0515",lpg0515
"AAU26613,gene:lpg0516",lpg0516
"AAU26614,gene:lpg0517",lpg0517
"AAU26615,gene:lpg0518",lpg0518
"AAU26616,gene:lpg0519",lpg0519
"AAU26617,gene:lpg0520",lpg0520
"AAU26618,gene:lpg0521",lpg0521
"AAU26619,gene:lpg0522",lpg0522
"AAU26620,gene:lpg0523",lpg0523
"AAU26621,gene:lpg0525",lpg0525
"AAU26622,gene:lpg0526",lpg0526
"AAU26623,gene:lpg0527",lpg0527
"AAU26624,gene:lpg0528",lpg0528
"AAU26625,gene:lpg0529",lpg0529
"AAU26626,gene:lpg0530",lpg0530
"AAU26627,gene:lpg0531",lpg0531
"AAU26628,gene:lpg0532",lpg0532
"AAU26629,gene:lpg0533",lpg0533
"AAU26630,gene:lpg0534",lpg0534
"AAU26631,gene:lpg0535",lpg0535
"AAU26632,gene:lpg0536",lpg0536
"AAU26633,gene:lpg0537",lpg0537
"AAU26634,gene:lpg0538",lpg0538
"AAU26635,gene:lpg0539",lpg0539
"AAU26636,gene:lpg0540",lpg0540
"AAU26637,gene:lpg0541",lpg0541
"AAU26638,gene:lpg0542",lpg0542
"AAU26639,gene:lpg0543",lpg0543
"AAU26640,gene:lpg0544",lpg0544
"AAU26641,gene:lpg0546",lpg0546
"AAU26642,gene:lpg0547",lpg0547
"AAU26643,gene:lpg0548",lpg0548
"AAU26644,gene:lpg0549",lpg0549
"AAU26645,gene:lpg0550",lpg0550
"AAU26646,gene:lpg0551",lpg0551
"AAU26647,gene:lpg0552",lpg0552
"AAU26648,gene:lpg0553",lpg0553
"AAU26649,gene:lpg0554",lpg0554
"AAU26650,gene:lpg0556",lpg0556
"AAU26651,gene:lpg0557",lpg0557
"AAU26652,gene:lpg0558",lpg0558
"AAU26653,gene:lpg0559",lpg0559
"AAU26654,gene:lpg0560",lpg0560
"AAU26655,gene:lpg0561",lpg0561
"AAU26656,gene:lpg0562",lpg0562
"AAU26657,gene:lpg0563",lpg0563
"AAU26658,gene:lpg0564",lpg0564
"AAU26659,gene:lpg0565",lpg0565
"AAU26660,gene:lpg0566",lpg0566
"AAU26661,gene:lpg0567",lpg0567
"AAU26662,gene:lpg0568",lpg0568
"AAU26663,gene:lpg0572",lpg0572
"AAU26664,gene:lpg0573",lpg0573
"AAU26665,gene:lpg0574",lpg0574
"AAU26666,gene:lpg0577",lpg0577
"AAU26667,gene:lpg0578",lpg0578
"AAU26668,gene:lpg0579",lpg0579
"AAU26669,gene:lpg0580",lpg0580
"AAU26670,gene:lpg0581",lpg0581
"AAU26671,gene:lpg0582",lpg0582
"AAU26672,gene:lpg0583",lpg0583
"AAU26673,gene:lpg0584",lpg0584
"AAU26674,gene:lpg0585",lpg0585
"AAU26675,gene:lpg0586",lpg0586
"AAU26676,gene:lpg0587",lpg0587
"AAU26677,gene:lpg0588",lpg0588
"AAU26678,gene:lpg0589",lpg0589
"AAU26679,gene:lpg0590",lpg0590
"AAU26680,gene:lpg0591",lpg0591
"AAU26681,gene:lpg0592",lpg0592
"AAU26682,gene:lpg0593",lpg0593
"AAU26683,gene:lpg0594",lpg0594
"AAU26684,gene:lpg0595",lpg0595
"AAU26685,gene:lpg0596",lpg0596
"AAU26686,gene:lpg0597",lpg0597
"AAU26687,gene:lpg0598",lpg0598
"AAU26688,gene:lpg0599",lpg0599
"AAU26689,gene:lpg0600",lpg0600
"AAU26690,gene:lpg0601",lpg0601
"AAU26691,gene:lpg0602",lpg0602
"AAU26692,gene:lpg0603",lpg0603
"AAU26693,gene:lpg0604",lpg0604
"AAU26694,gene:lpg0605",lpg0605
"AAU26695,gene:lpg0606",lpg0606
"AAU26696,gene:lpg0607",lpg0607
"AAU26697,gene:lpg0608",lpg0608
"AAU26698,gene:lpg0609",lpg0609
"AAU26699,gene:lpg0610",lpg0610
"AAU26700,gene:lpg0611",lpg0611
"AAU26701,gene:lpg0612",lpg0612
"AAU26702,gene:lpg0613",lpg0613
"AAU26703,gene:lpg0614",lpg0614
"AAU26704,gene:lpg0615",lpg0615
"AAU26705,gene:lpg0616",lpg0616
"AAU26706,gene:lpg0617",lpg0617
"AAU26707,gene:lpg0618",lpg0618
"AAU26708,gene:lpg0619",lpg0619
"AAU26709,gene:lpg0620",lpg0620
"AAU26710,gene:lpg0621",lpg0621
"AAU26711,gene:lpg0622",lpg0622
"AAU26712,gene:lpg0623",lpg0623
"AAU26713,gene:lpg0624",lpg0624
"AAU26714,gene:lpg0625",lpg0625
"AAU26715,gene:lpg0626",lpg0626
"AAU26716,gene:lpg0627",lpg0627
"AAU26717,gene:lpg0628",lpg0628
"AAU26718,gene:lpg0629",lpg0629
"AAU26719,gene:lpg0630",lpg0630
"AAU26720,gene:lpg0631",lpg0631
"AAU26721,gene:lpg0632",lpg0632
"AAU26722,gene:lpg0633",lpg0633
"AAU26723,gene:lpg0634",lpg0634
"AAU26724,gene:lpg0635",lpg0635
"AAU26725,gene:lpg0636",lpg0636
"AAU26726,gene:lpg0637",lpg0637
"AAU26727,gene:lpg0638",lpg0638
"AAU26728,gene:lpg0639",lpg0639
"AAU26729,gene:lpg0640",lpg0640
"AAU26730,gene:lpg0641",lpg0641
"AAU26731,gene:lpg0642",lpg0642
"AAU26732,gene:lpg0643",lpg0643
"AAU26733,gene:lpg0644",lpg0644
"AAU26734,gene:lpg0645",lpg0645
"AAU26735,gene:lpg0646",lpg0646
"AAU26736,gene:lpg0647",lpg0647
"AAU26737,gene:lpg0648",lpg0648
"AAU26738,gene:lpg0649",lpg0649
"AAU26739,gene:lpg0650",lpg0650
"AAU26740,gene:lpg0651",lpg0651
"AAU26741,gene:lpg0652",lpg0652
"AAU26742,gene:lpg0653",lpg0653
"AAU26743,gene:lpg0654",lpg0654
"AAU26744,gene:lpg0655",lpg0655
"AAU26745,gene:lpg0656",lpg0656
"AAU26746,gene:lpg0657",lpg0657
"AAU26747,gene:lpg0658",lpg0658
"AAU26748,gene:lpg0659",lpg0659
"AAU26749,gene:lpg0660",lpg0660
"AAU26750,gene:lpg0661",lpg0661
"AAU26751,gene:lpg0662",lpg0662
"AAU26752,gene:lpg0663",lpg0663
"AAU26753,gene:lpg0664",lpg0664
"AAU26754,gene:lpg0665",lpg0665
"AAU26755,gene:lpg0666",lpg0666
"AAU26756,gene:lpg0667",lpg0667
"AAU26757,gene:lpg0668",lpg0668
"AAU26758,gene:lpg0669",lpg0669
"AAU26759,gene:lpg0670",lpg0670
"AAU26760,gene:lpg0671",lpg0671
"AAU26761,gene:lpg0672",lpg0672
"AAU26762,gene:lpg0673",lpg0673
"AAU26763,gene:lpg0674",lpg0674
"AAU26764,gene:lpg0675",lpg0675
"AAU26765,gene:lpg0676",lpg0676
"AAU26766,gene:lpg0677",lpg0677
"AAU26767,gene:lpg0678",lpg0678
"AAU26768,gene:lpg0679",lpg0679
"AAU26769,gene:lpg0680",lpg0680
"AAU26770,gene:lpg0681",lpg0681
"AAU26771,gene:lpg0682",lpg0682
"AAU26772,gene:lpg0683",lpg0683
"AAU26773,gene:lpg0684",lpg0684
"AAU26774,gene:lpg0685",lpg0685
"AAU26775,gene:lpg0686",lpg0686
"AAU26776,gene:lpg0687",lpg0687
"AAU26777,gene:lpg0688",lpg0688
"AAU26778,gene:lpg0689",lpg0689
"AAU26779,gene:lpg0690",lpg0690
"AAU26780,gene:lpg0691",lpg0691
"AAU26781,gene:lpg0692",lpg0692
"AAU26782,gene:lpg0693",lpg0693
"AAU26783,gene:lpg0694",lpg0694
"AAU26784,gene:lpg0695",lpg0695
"AAU26785,gene:lpg0696",lpg0696
"AAU26786,gene:lpg0697",lpg0697
"AAU26787,gene:lpg0698",lpg0698
"AAU26788,gene:lpg0699",lpg0699
"AAU26789,gene:lpg0700",lpg0700
"AAU26790,gene:lpg0701",lpg0701
"AAU26791,gene:lpg0702",lpg0702
"AAU26792,gene:lpg0703",lpg0703
"AAU26793,gene:lpg0704",lpg0704
"AAU26794,gene:lpg0705",lpg0705
"AAU26795,gene:lpg0706",lpg0706
"AAU26796,gene:lpg0707",lpg0707
"AAU26797,gene:lpg0708",lpg0708
"AAU26798,gene:lpg0709",lpg0709
"AAU26799,gene:lpg0710",lpg0710
"AAU26800,gene:lpg0711",lpg0711
"AAU26801,gene:lpg0712",lpg0712
"AAU26802,gene:lpg0713",lpg0713
"AAU26803,gene:lpg0714",lpg0714
"AAU26804,gene:lpg0715",lpg0715
"AAU26805,gene:lpg0716",lpg0716
"AAU26806,gene:lpg0717",lpg0717
"AAU26807,gene:lpg0718",lpg0718
"AAU26808,gene:lpg0719",lpg0719
"AAU26809,gene:lpg0720",lpg0720
"AAU26810,gene:lpg0721",lpg0721
"AAU26811,gene:lpg0722",lpg0722
"AAU26812,gene:lpg0723",lpg0723
"AAU26813,gene:lpg0724",lpg0724
"AAU26814,gene:lpg0725",lpg0725
"AAU26815,gene:lpg0726",lpg0726
"AAU26816,gene:lpg0727",lpg0727
"AAU26817,gene:lpg0728",lpg0728
"AAU26818,gene:lpg0729",lpg0729
"AAU26819,gene:lpg0730",lpg0730
"AAU26820,gene:lpg0731",lpg0731
"AAU26821,gene:lpg0732",lpg0732
"AAU26822,gene:lpg0733",lpg0733
"AAU26823,gene:lpg0734",lpg0734
"AAU26824,gene:lpg0735",lpg0735
"AAU26825,gene:lpg0736",lpg0736
"AAU26826,gene:lpg0737",lpg0737
"AAU26827,gene:lpg0738",lpg0738
"AAU26828,gene:lpg0739",lpg0739
"AAU26829,gene:lpg0740",lpg0740
"AAU26830,gene:lpg0741",lpg0741
"AAU26831,gene:lpg0742",lpg0742
"AAU26832,gene:lpg0743",lpg0743
"AAU26833,gene:lpg0744",lpg0744
"AAU26834,gene:lpg0745",lpg0745
"AAU26835,gene:lpg0746",lpg0746
"AAU26836,gene:lpg0747",lpg0747
"AAU26837,gene:lpg0748",lpg0748
"AAU26838,gene:lpg0749",lpg0749
"AAU26839,gene:lpg0750",lpg0750
"AAU26840,gene:lpg0751",lpg0751
"AAU26841,gene:lpg0752",lpg0752
"AAU26842,gene:lpg0753",lpg0753
"AAU26843,gene:lpg0754",lpg0754
"AAU26844,gene:lpg0755",lpg0755
"AAU26845,gene:lpg0756",lpg0756
"AAU26846,gene:lpg0757",lpg0757
"AAU26847,gene:lpg0758",lpg0758
"AAU26848,gene:lpg0759",lpg0759
"AAU26849,gene:lpg0760",lpg0760
"AAU26850,gene:lpg0761",lpg0761
"AAU26851,gene:lpg0762",lpg0762
"AAU26852,gene:lpg0763",lpg0763
"AAU26853,gene:lpg0764",lpg0764
"AAU26854,gene:lpg0765",lpg0765
"AAU26855,gene:lpg0766",lpg0766
"AAU26856,gene:lpg0767",lpg0767
"AAU26857,gene:lpg0768",lpg0768
"AAU26858,gene:lpg0769",lpg0769
"AAU26859,gene:lpg0770",lpg0770
"AAU26860,gene:lpg0771",lpg0771
"AAU26861,gene:lpg0772",lpg0772
"AAU26862,gene:lpg0773",lpg0773
"AAU26863,gene:lpg0774",lpg0774
"AAU26864,gene:lpg0775",lpg0775
"AAU26865,gene:lpg0776",lpg0776
"AAU26866,gene:lpg0777",lpg0777
"AAU26867,gene:lpg0778",lpg0778
"AAU26868,gene:lpg0779",lpg0779
"AAU26869,gene:lpg0780",lpg0780
"AAU26870,gene:lpg0781",lpg0781
"AAU26871,gene:lpg0782",lpg0782
"AAU26872,gene:lpg0783",lpg0783
"AAU26873,gene:lpg0784",lpg0784
"AAU26874,gene:lpg0785",lpg0785
"AAU26875,gene:lpg0786",lpg0786
"AAU26876,gene:lpg0787",lpg0787
"AAU26877,gene:lpg0788",lpg0788
"AAU26878,gene:lpg0789",lpg0789
"AAU26879,gene:lpg0790",lpg0790
"AAU26880,gene:lpg0791",lpg0791
"AAU26881,gene:lpg0792",lpg0792
"AAU26882,gene:lpg0793",lpg0793
"AAU26883,gene:lpg0794",lpg0794
"AAU26884,gene:lpg0795",lpg0795
"AAU26885,gene:lpg0796",lpg0796
"AAU26886,gene:lpg0798",lpg0798
"AAU26887,gene:lpg0799",lpg0799
"AAU26888,gene:lpg0800",lpg0800
"AAU26889,gene:lpg0801",lpg0801
"AAU26890,gene:lpg0802",lpg0802
"AAU26891,gene:lpg0803",lpg0803
"AAU26892,gene:lpg0804",lpg0804
"AAU26893,gene:lpg0805",lpg0805
"AAU26894,gene:lpg0806",lpg0806
"AAU26895,gene:lpg0807",lpg0807
"AAU26896,gene:lpg0808",lpg0808
"AAU26897,gene:lpg0809",lpg0809
"AAU26898,gene:lpg0810",lpg0810
"AAU26899,gene:lpg0811",lpg0811
"AAU26900,gene:lpg0812",lpg0812
"AAU26901,gene:lpg0813",lpg0813
"AAU26902,gene:lpg0814",lpg0814
"AAU26903,gene:lpg0815",lpg0815
"AAU26904,gene:lpg0816",lpg0816
"AAU26905,gene:lpg0817",lpg0817
"AAU26906,gene:lpg0818",lpg0818
"AAU26907,gene:lpg0819",lpg0819
"AAU26908,gene:lpg0820",lpg0820
"AAU26909,gene:lpg0821",lpg0821
"AAU26910,gene:lpg0822",lpg0822
"AAU26911,gene:lpg0823",lpg0823
"AAU26912,gene:lpg0824",lpg0824
"AAU26913,gene:lpg0825",lpg0825
"AAU26914,gene:lpg0826",lpg0826
"AAU26915,gene:lpg0827",lpg0827
"AAU26916,gene:lpg0828",lpg0828
"AAU26917,gene:lpg0829",lpg0829
"AAU26918,gene:lpg0830",lpg0830
"AAU26919,gene:lpg0831",lpg0831
"AAU26920,gene:lpg0832",lpg0832
"AAU26921,gene:lpg0833",lpg0833
"AAU26922,gene:lpg0834",lpg0834
"AAU26923,gene:lpg0835",lpg0835
"AAU26924,gene:lpg0836",lpg0836
"AAU26925,gene:lpg0837",lpg0837
"AAU26926,gene:lpg0838",lpg0838
"AAU26927,gene:lpg0839",lpg0839
"AAU26928,gene:lpg0840",lpg0840
"AAU26929,gene:lpg0841",lpg0841
"AAU26930,gene:lpg0842",lpg0842
"AAU26931,gene:lpg0843",lpg0843
"AAU26932,gene:lpg0844",lpg0844
"AAU26933,gene:lpg0845",lpg0845
"AAU26934,gene:lpg0846",lpg0846
"AAU26935,gene:lpg0847",lpg0847
"AAU26936,gene:lpg0848",lpg0848
"AAU26937,gene:lpg0849",lpg0849
"AAU26938,gene:lpg0850",lpg0850
"AAU26939,gene:lpg0851",lpg0851
"AAU26940,gene:lpg0852",lpg0852
"AAU26941,gene:lpg0853",lpg0853
"AAU26942,gene:lpg0854",lpg0854
"AAU26943,gene:lpg0855",lpg0855
"AAU26944,gene:lpg0856",lpg0856
"AAU26945,gene:lpg0857",lpg0857
"AAU26946,gene:lpg0858",lpg0858
"AAU26947,gene:lpg0859",lpg0859
"AAU26948,gene:lpg0860",lpg0860
"AAU26949,gene:lpg0861",lpg0861
"AAU26950,gene:lpg0862",lpg0862
"AAU26951,gene:lpg0863",lpg0863
"AAU26952,gene:lpg0864",lpg0864
"AAU26953,gene:lpg0865",lpg0865
"AAU26954,gene:lpg0866",lpg0866
"AAU26955,gene:lpg0867",lpg0867
"AAU26956,gene:lpg0868",lpg0868
"AAU26957,gene:lpg0869",lpg0869
"AAU26958,gene:lpg0870",lpg0870
"AAU26959,gene:lpg0871",lpg0871
"AAU26960,gene:lpg0872",lpg0872
"AAU26961,gene:lpg0873",lpg0873
"AAU26962,gene:lpg0874",lpg0874
"AAU26963,gene:lpg0875",lpg0875
"AAU26964,gene:lpg0876",lpg0876
"AAU26965,gene:lpg0877",lpg0877
"AAU26966,gene:lpg0878",lpg0878
"AAU26967,gene:lpg0879",lpg0879
"AAU26968,gene:lpg0880",lpg0880
"AAU26969,gene:lpg0882",lpg0882
"AAU26970,gene:lpg0883",lpg0883
"AAU26971,gene:lpg0884",lpg0884
"AAU26972,gene:lpg0885",lpg0885
"AAU26973,gene:lpg0886",lpg0886
"AAU26974,gene:lpg0887",lpg0887
"AAU26975,gene:lpg0888",lpg0888
"AAU26976,gene:lpg0889",lpg0889
"AAU26977,gene:lpg0890",lpg0890
"AAU26978,gene:lpg0891",lpg0891
"AAU26979,gene:lpg0892",lpg0892
"AAU26980,gene:lpg0893",lpg0893
"AAU26981,gene:lpg0894",lpg0894
"AAU26982,gene:lpg0895",lpg0895
"AAU26983,gene:lpg0896",lpg0896
"AAU26984,gene:lpg0897",lpg0897
"AAU26985,gene:lpg0898",lpg0898
"AAU26986,gene:lpg0899",lpg0899
"AAU26987,gene:lpg0900",lpg0900
"AAU26988,gene:lpg0901",lpg0901
"AAU26989,gene:lpg0902",lpg0902
"AAU26990,gene:lpg0903",lpg0903
"AAU26991,gene:lpg0904",lpg0904
"AAU26992,gene:lpg0905",lpg0905
"AAU26993,gene:lpg0906",lpg0906
"AAU26994,gene:lpg0907",lpg0907
"AAU26995,gene:lpg0908",lpg0908
"AAU26996,gene:lpg0909",lpg0909
"AAU26997,gene:lpg0910",lpg0910
"AAU26998,gene:lpg0911",lpg0911
"AAU26999,gene:lpg0912",lpg0912
"AAU27000,gene:lpg0913",lpg0913
"AAU27001,gene:lpg0914",lpg0914
"AAU27002,gene:lpg0915",lpg0915
"AAU27003,gene:lpg0916",lpg0916
"AAU27004,gene:lpg0917",lpg0917
"AAU27005,gene:lpg0918",lpg0918
"AAU27006,gene:lpg0919",lpg0919
"AAU27007,gene:lpg0920",lpg0920
"AAU27008,gene:lpg0921",lpg0921
"AAU27009,gene:lpg0922",lpg0922
"AAU27010,gene:lpg0923",lpg0923
"AAU27011,gene:lpg0924",lpg0924
"AAU27012,gene:lpg0925",lpg0925
"AAU27013,gene:lpg0926",lpg0926
"AAU27014,gene:lpg0927",lpg0927
"AAU27015,gene:lpg0928",lpg0928
"AAU27016,gene:lpg0929",lpg0929
"AAU27017,gene:lpg0930",lpg0930
"AAU27018,gene:lpg0931",lpg0931
"AAU27019,gene:lpg0932",lpg0932
"AAU27020,gene:lpg0933",lpg0933
"AAU27021,gene:lpg0934",lpg0934
"AAU27022,gene:lpg0935",lpg0935
"AAU27023,gene:lpg0936",lpg0936
"AAU27024,gene:lpg0937",lpg0937
"AAU27025,gene:lpg0938",lpg0938
"AAU27026,gene:lpg0939",lpg0939
"AAU27027,gene:lpg0940",lpg0940
"AAU27028,gene:lpg0941",lpg0941
"AAU27029,gene:lpg0942",lpg0942
"AAU27030,gene:lpg0943",lpg0943
"AAU27031,gene:lpg0944",lpg0944
"AAU27032,gene:lpg0945",lpg0945
"AAU27033,gene:lpg0946",lpg0946
"AAU27034,gene:lpg0947",lpg0947
"AAU27035,gene:lpg0948",lpg0948
"AAU27036,gene:lpg0949",lpg0949
"AAU27037,gene:lpg0950",lpg0950
"AAU27038,gene:lpg0951",lpg0951
"AAU27039,gene:lpg0952",lpg0952
"AAU27040,gene:lpg0953",lpg0953
"AAU27041,gene:lpg0954",lpg0954
"AAU27042,gene:lpg0955",lpg0955
"AAU27043,gene:lpg0956",lpg0956
"AAU27044,gene:lpg0957",lpg0957
"AAU27045,gene:lpg0958",lpg0958
"AAU27046,gene:lpg0959",lpg0959
"AAU27047,gene:lpg0960",lpg0960
"AAU27048,gene:lpg0961",lpg0961
"AAU27049,gene:lpg0962",lpg0962
"AAU27050,gene:lpg0963",lpg0963
"AAU27051,gene:lpg0964",lpg0964
"AAU27052,gene:lpg0965",lpg0965
"AAU27053,gene:lpg0966",lpg0966
"AAU27054,gene:lpg0967",lpg0967
"AAU27055,gene:lpg0968",lpg0968
"AAU27056,gene:lpg0969",lpg0969
"AAU27057,gene:lpg0970",lpg0970
"AAU27058,gene:lpg0971",lpg0971
"AAU27059,gene:lpg0973",lpg0973
"AAU27060,gene:lpg0974",lpg0974
"AAU27061,gene:lpg0975",lpg0975
"AAU27062,gene:lpg0976",lpg0976
"AAU27063,gene:lpg0977",lpg0977
"AAU27064,gene:lpg0978",lpg0978
"AAU27065,gene:lpg0979",lpg0979
"AAU27066,gene:lpg0980",lpg0980
"AAU27067,gene:lpg0981",lpg0981
"AAU27068,gene:lpg0982",lpg0982
"AAU27069,gene:lpg0983",lpg0983
"AAU27070,gene:lpg0984",lpg0984
"AAU27071,gene:lpg0985",lpg0985
"AAU27072,gene:lpg0986",lpg0986
"AAU27073,gene:lpg0987",lpg0987
"AAU27074,gene:lpg0988",lpg0988
"AAU27075,gene:lpg0989",lpg0989
"AAU27076,gene:lpg0990",lpg0990
"AAU27077,gene:lpg0991",lpg0991
"AAU27078,gene:lpg0992",lpg0992
"AAU27079,gene:lpg0993",lpg0993
"AAU27080,gene:lpg0994",lpg0994
"AAU27081,gene:lpg0995",lpg0995
"AAU27082,gene:lpg0996",lpg0996
"AAU27083,gene:lpg0997",lpg0997
"AAU27084,gene:lpg0998",lpg0998
"AAU27085,gene:lpg0999",lpg0999
"AAU27086,gene:lpg1000",lpg1000
"AAU27087,gene:lpg1001",lpg1001
"AAU27088,gene:lpg1002",lpg1002
"AAU27089,gene:lpg1003",lpg1003
"AAU27090,gene:lpg1004",lpg1004
"AAU27091,gene:lpg1005",lpg1005
"AAU27092,gene:lpg1006",lpg1006
"AAU27093,gene:lpg1007",lpg1007
"AAU27094,gene:lpg1008",lpg1008
"AAU27095,gene:lpg1009",lpg1009
"AAU27096,gene:lpg1010",lpg1010
"AAU27097,gene:lpg1011",lpg1011
"AAU27098,gene:lpg1012",lpg1012
"AAU27099,gene:lpg1013",lpg1013
"AAU27100,gene:lpg1014",lpg1014
"AAU27101,gene:lpg1015",lpg1015
"AAU27102,gene:lpg1016",lpg1016
"AAU27103,gene:lpg1017",lpg1017
"AAU27104,gene:lpg1018",lpg1018
"AAU27105,gene:lpg1019",lpg1019
"AAU27106,gene:lpg1020",lpg1020
"AAU27107,gene:lpg1021",lpg1021
"AAU27108,gene:lpg1022",lpg1022
"AAU27109,gene:lpg1023",lpg1023
"AAU27110,gene:lpg1024",lpg1024
"AAU27111,gene:lpg1025",lpg1025
"AAU27112,gene:lpg1026",lpg1026
"AAU27113,gene:lpg1027",lpg1027
"AAU27114,gene:lpg1028",lpg1028
"AAU27115,gene:lpg1029",lpg1029
"AAU27116,gene:lpg1030",lpg1030
"AAU27117,gene:lpg1031",lpg1031
"AAU27118,gene:lpg1032",lpg1032
"AAU27119,gene:lpg1033",lpg1033
"AAU27120,gene:lpg1034",lpg1034
"AAU27121,gene:lpg1035",lpg1035
"AAU27122,gene:lpg1036",lpg1036
"AAU27123,gene:lpg1037",lpg1037
"AAU27124,gene:lpg1038",lpg1038
"AAU27125,gene:lpg1039",lpg1039
"AAU27126,gene:lpg1040",lpg1040
"AAU27127,gene:lpg1041",lpg1041
"AAU27128,gene:lpg1042",lpg1042
"AAU27129,gene:lpg1043",lpg1043
"AAU27130,gene:lpg1044",lpg1044
"AAU27131,gene:lpg1045",lpg1045
"AAU27132,gene:lpg1046",lpg1046
"AAU27133,gene:lpg1047",lpg1047
"AAU27134,gene:lpg1048",lpg1048
"AAU27135,gene:lpg1049",lpg1049
"AAU27136,gene:lpg1050",lpg1050
"AAU27137,gene:lpg1051",lpg1051
"AAU27138,gene:lpg1052",lpg1052
"AAU27139,gene:lpg1053",lpg1053
"AAU27140,gene:lpg1054",lpg1054
"AAU27141,gene:lpg1055",lpg1055
"AAU27142,gene:lpg1056",lpg1056
"AAU27143,gene:lpg1057",lpg1057
"AAU27144,gene:lpg1058",lpg1058
"AAU27145,gene:lpg1059",lpg1059
"AAU27146,gene:lpg1060",lpg1060
"AAU27147,gene:lpg1061",lpg1061
"AAU27148,gene:lpg1062",lpg1062
"AAU27149,gene:lpg1063",lpg1063
"AAU27150,gene:lpg1064",lpg1064
"AAU27151,gene:lpg1065",lpg1065
"AAU27152,gene:lpg1066",lpg1066
"AAU27153,gene:lpg1067",lpg1067
"AAU27154,gene:lpg1068",lpg1068
"AAU27155,gene:lpg1069",lpg1069
"AAU27156,gene:lpg1070",lpg1070
"AAU27157,gene:lpg1071",lpg1071
"AAU27158,gene:lpg1072",lpg1072
"AAU27159,gene:lpg1073",lpg1073
"AAU27160,gene:lpg1074",lpg1074
"AAU27161,gene:lpg1075",lpg1075
"AAU27162,gene:lpg1076",lpg1076
"AAU27163,gene:lpg1077",lpg1077
"AAU27164,gene:lpg1078",lpg1078
"AAU27165,gene:lpg1079",lpg1079
"AAU27166,gene:lpg1080",lpg1080
"AAU27167,gene:lpg1081",lpg1081
"AAU27168,gene:lpg1082",lpg1082
"AAU27169,gene:lpg1083",lpg1083
"AAU27170,gene:lpg1084",lpg1084
"AAU27171,gene:lpg1085",lpg1085
"AAU27172,gene:lpg1086",lpg1086
"AAU27173,gene:lpg1087",lpg1087
"AAU27174,gene:lpg1088",lpg1088
"AAU27175,gene:lpg1089",lpg1089
"AAU27176,gene:lpg1090",lpg1090
"AAU27177,gene:lpg1091",lpg1091
"AAU27178,gene:lpg1092",lpg1092
"AAU27179,gene:lpg1093",lpg1093
"AAU27180,gene:lpg1094",lpg1094
"AAU27181,gene:lpg1095",lpg1095
"AAU27182,gene:lpg1096",lpg1096
"AAU27183,gene:lpg1097",lpg1097
"AAU27184,gene:lpg1098",lpg1098
"AAU27185,gene:lpg1099",lpg1099
"AAU27186,gene:lpg1100",lpg1100
"AAU27187,gene:lpg1101",lpg1101
"AAU27188,gene:lpg1102",lpg1102
"AAU27189,gene:lpg1103",lpg1103
"AAU27190,gene:lpg1104",lpg1104
"AAU27191,gene:lpg1105",lpg1105
"AAU27192,gene:lpg1106",lpg1106
"AAU27193,gene:lpg1107",lpg1107
"AAU27194,gene:lpg1108",lpg1108
"AAU27195,gene:lpg1109",lpg1109
"AAU27196,gene:lpg1110",lpg1110
"AAU27197,gene:lpg1111",lpg1111
"AAU27198,gene:lpg1112",lpg1112
"AAU27199,gene:lpg1113",lpg1113
"AAU27200,gene:lpg1114",lpg1114
"AAU27201,gene:lpg1115",lpg1115
"AAU27202,gene:lpg1116",lpg1116
"AAU27203,gene:lpg1117",lpg1117
"AAU27204,gene:lpg1118",lpg1118
"AAU27205,gene:lpg1119",lpg1119
"AAU27206,gene:lpg1120",lpg1120
"AAU27207,gene:lpg1121",lpg1121
"AAU27208,gene:lpg1122",lpg1122
"AAU27209,gene:lpg1123",lpg1123
"AAU27210,gene:lpg1124",lpg1124
"AAU27211,gene:lpg1125",lpg1125
"AAU27212,gene:lpg1126",lpg1126
"AAU27213,gene:lpg1127",lpg1127
"AAU27214,gene:lpg1128",lpg1128
"AAU27215,gene:lpg1129",lpg1129
"AAU27216,gene:lpg1130",lpg1130
"AAU27217,gene:lpg1131",lpg1131
"AAU27218,gene:lpg1132",lpg1132
"AAU27219,gene:lpg1133",lpg1133
"AAU27220,gene:lpg1134",lpg1134
"AAU27221,gene:lpg1135",lpg1135
"AAU27222,gene:lpg1136",lpg1136
"AAU27223,gene:lpg1137",lpg1137
"AAU27224,gene:lpg1138",lpg1138
"AAU27225,gene:lpg1139",lpg1139
"AAU27226,gene:lpg1140",lpg1140
"AAU27227,gene:lpg1141",lpg1141
"AAU27228,gene:lpg1142",lpg1142
"AAU27229,gene:lpg1143",lpg1143
"AAU27230,gene:lpg1144",lpg1144
"AAU27231,gene:lpg1145",lpg1145
"AAU27232,gene:lpg1146",lpg1146
"AAU27233,gene:lpg1147",lpg1147
"AAU27234,gene:lpg1148",lpg1148
"AAU27235,gene:lpg1149",lpg1149
"AAU27236,gene:lpg1150",lpg1150
"AAU27237,gene:lpg1151",lpg1151
"AAU27238,gene:lpg1152",lpg1152
"AAU27239,gene:lpg1153",lpg1153
"AAU27240,gene:lpg1154",lpg1154
"AAU27241,gene:lpg1155",lpg1155
"AAU27242,gene:lpg1156",lpg1156
"AAU27243,gene:lpg1157",lpg1157
"AAU27244,gene:lpg1158",lpg1158
"AAU27245,gene:lpg1159",lpg1159
"AAU27246,gene:lpg1160",lpg1160
"AAU27247,gene:lpg1161",lpg1161
"AAU27248,gene:lpg1162",lpg1162
"AAU27249,gene:lpg1163",lpg1163
"AAU27250,gene:lpg1164",lpg1164
"AAU27251,gene:lpg1165",lpg1165
"AAU27252,gene:lpg1166",lpg1166
"AAU27253,gene:lpg1167",lpg1167
"AAU27254,gene:lpg1168",lpg1168
"AAU27255,gene:lpg1169",lpg1169
"AAU27256,gene:lpg1170",lpg1170
"AAU27257,gene:lpg1171",lpg1171
"AAU27258,gene:lpg1172",lpg1172
"AAU27259,gene:lpg1173",lpg1173
"AAU27260,gene:lpg1174",lpg1174
"AAU27261,gene:lpg1175",lpg1175
"AAU27262,gene:lpg1176",lpg1176
"AAU27263,gene:lpg1177",lpg1177
"AAU27264,gene:lpg1178",lpg1178
"AAU27265,gene:lpg1179",lpg1179
"AAU27266,gene:lpg1180",lpg1180
"AAU27267,gene:lpg1181",lpg1181
"AAU27268,gene:lpg1182",lpg1182
"AAU27269,gene:lpg1183",lpg1183
"AAU27270,gene:lpg1184",lpg1184
"AAU27271,gene:lpg1186",lpg1186
"AAU27272,gene:lpg1187",lpg1187
"AAU27273,gene:lpg1188",lpg1188
"AAU27274,gene:lpg1189",lpg1189
"AAU27275,gene:lpg1190",lpg1190
"AAU27276,gene:lpg1191",lpg1191
"AAU27277,gene:lpg1192",lpg1192
"AAU27278,gene:lpg1193",lpg1193
"AAU27279,gene:lpg1194",lpg1194
"AAU27280,gene:lpg1195",lpg1195
"AAU27281,gene:lpg1196",lpg1196
"AAU27282,gene:lpg1197",lpg1197
"AAU27283,gene:lpg1198",lpg1198
"AAU27284,gene:lpg1199",lpg1199
"AAU27285,gene:lpg1200",lpg1200
"AAU27286,gene:lpg1202",lpg1202
"AAU27287,gene:lpg1203",lpg1203
"AAU27288,gene:lpg1204",lpg1204
"AAU27289,gene:lpg1205",lpg1205
"AAU27290,gene:lpg1206",lpg1206
"AAU27291,gene:lpg1207",lpg1207
"AAU27292,gene:lpg1208",lpg1208
"AAU27293,gene:lpg1209",lpg1209
"AAU27294,gene:lpg1210",lpg1210
"AAU27295,gene:lpg1211",lpg1211
"AAU27296,gene:lpg1212",lpg1212
"AAU27297,gene:lpg1213",lpg1213
"AAU27298,gene:lpg1214",lpg1214
"AAU27299,gene:lpg1215",lpg1215
"AAU27300,gene:lpg1216",lpg1216
"AAU27301,gene:lpg1217",lpg1217
"AAU27302,gene:lpg1218",lpg1218
"AAU27303,gene:lpg1219",lpg1219
"AAU27304,gene:lpg1220",lpg1220
"AAU27305,gene:lpg1221",lpg1221
"AAU27306,gene:lpg1222",lpg1222
"AAU27307,gene:lpg1223",lpg1223
"AAU27308,gene:lpg1224",lpg1224
"AAU27309,gene:lpg1225",lpg1225
"AAU27310,gene:lpg1226",lpg1226
"AAU27311,gene:lpg1227",lpg1227
"AAU27312,gene:lpg1228",lpg1228
"AAU27313,gene:lpg1229",lpg1229
"AAU27314,gene:lpg1230",lpg1230
"AAU27315,gene:lpg1231",lpg1231
"AAU27316,gene:lpg1232",lpg1232
"AAU27317,gene:lpg1233",lpg1233
"AAU27318,gene:lpg1234",lpg1234
"AAU27319,gene:lpg1235",lpg1235
"AAU27320,gene:lpg1236",lpg1236
"AAU27321,gene:lpg1237",lpg1237
"AAU27322,gene:lpg1238",lpg1238
"AAU27323,gene:lpg1239",lpg1239
"AAU27324,gene:lpg1240",lpg1240
"AAU27325,gene:lpg1241",lpg1241
"AAU27326,gene:lpg1242",lpg1242
"AAU27327,gene:lpg1243",lpg1243
"AAU27328,gene:lpg1244",lpg1244
"AAU27329,gene:lpg1245",lpg1245
"AAU27330,gene:lpg1246",lpg1246
"AAU27331,gene:lpg1247",lpg1247
"AAU27332,gene:lpg1248",lpg1248
"AAU27333,gene:lpg1249",lpg1249
"AAU27334,gene:lpg1250",lpg1250
"AAU27335,gene:lpg1251",lpg1251
"AAU27336,gene:lpg1252",lpg1252
"AAU27337,gene:lpg1253",lpg1253
"AAU27338,gene:lpg1254",lpg1254
"AAU27339,gene:lpg1255",lpg1255
"AAU27340,gene:lpg1256",lpg1256
"AAU27341,gene:lpg1257",lpg1257
"AAU27342,gene:lpg1258",lpg1258
"AAU27343,gene:lpg1259",lpg1259
"AAU27344,gene:lpg1260",lpg1260
"AAU27345,gene:lpg1261",lpg1261
"AAU27346,gene:lpg1262",lpg1262
"AAU27347,gene:lpg1263",lpg1263
"AAU27348,gene:lpg1264",lpg1264
"AAU27349,gene:lpg1265",lpg1265
"AAU27350,gene:lpg1266",lpg1266
"AAU27351,gene:lpg1267",lpg1267
"AAU27352,gene:lpg1268",lpg1268
"AAU27353,gene:lpg1269",lpg1269
"AAU27354,gene:lpg1270",lpg1270
"AAU27355,gene:lpg1271",lpg1271
"AAU27356,gene:lpg1273",lpg1273
"AAU27357,gene:lpg1274",lpg1274
"AAU27358,gene:lpg1275",lpg1275
"AAU27359,gene:lpg1276",lpg1276
"AAU27360,gene:lpg1277",lpg1277
"AAU27361,gene:lpg1278",lpg1278
"AAU27362,gene:lpg1279",lpg1279
"AAU27363,gene:lpg1280",lpg1280
"AAU27364,gene:lpg1281",lpg1281
"AAU27365,gene:lpg1282",lpg1282
"AAU27366,gene:lpg1283",lpg1283
"AAU27367,gene:lpg1284",lpg1284
"AAU27368,gene:lpg1285",lpg1285
"AAU27369,gene:lpg1286",lpg1286
"AAU27370,gene:lpg1287",lpg1287
"AAU27371,gene:lpg1288",lpg1288
"AAU27372,gene:lpg1289",lpg1289
"AAU27373,gene:lpg1290",lpg1290
"AAU27374,gene:lpg1291",lpg1291
"AAU27375,gene:lpg1292",lpg1292
"AAU27376,gene:lpg1293",lpg1293
"AAU27377,gene:lpg1294",lpg1294
"AAU27378,gene:lpg1295",lpg1295
"AAU27379,gene:lpg1296",lpg1296
"AAU27380,gene:lpg1297",lpg1297
"AAU27381,gene:lpg1298",lpg1298
"AAU27382,gene:lpg1299",lpg1299
"AAU27383,gene:lpg1300",lpg1300
"AAU27384,gene:lpg1301",lpg1301
"AAU27385,gene:lpg1302",lpg1302
"AAU27386,gene:lpg1303",lpg1303
"AAU27387,gene:lpg1304",lpg1304
"AAU27388,gene:lpg1305",lpg1305
"AAU27389,gene:lpg1306",lpg1306
"AAU27390,gene:lpg1307",lpg1307
"AAU27391,gene:lpg1308",lpg1308
"AAU27392,gene:lpg1309",lpg1309
"AAU27393,gene:lpg1310",lpg1310
"AAU27394,gene:lpg1311",lpg1311
"AAU27395,gene:lpg1312",lpg1312
"AAU27396,gene:lpg1313",lpg1313
"AAU27397,gene:lpg1314",lpg1314
"AAU27398,gene:lpg1315",lpg1315
"AAU27399,gene:lpg1316",lpg1316
"AAU27400,gene:lpg1317",lpg1317
"AAU27401,gene:lpg1318",lpg1318
"AAU27402,gene:lpg1319",lpg1319
"AAU27403,gene:lpg1320",lpg1320
"AAU27404,gene:lpg1321",lpg1321
"AAU27405,gene:lpg1322",lpg1322
"AAU27406,gene:lpg1323",lpg1323
"AAU27407,gene:lpg1324",lpg1324
"AAU27408,gene:lpg1325",lpg1325
"AAU27409,gene:lpg1326",lpg1326
"AAU27410,gene:lpg1327",lpg1327
"AAU27411,gene:lpg1328",lpg1328
"AAU27412,gene:lpg1329",lpg1329
"AAU27413,gene:lpg1331",lpg1331
"AAU27414,gene:lpg1332",lpg1332
"AAU27415,gene:lpg1333",lpg1333
"AAU27416,gene:lpg1334",lpg1334
"AAU27417,gene:lpg1335",lpg1335
"AAU27418,gene:lpg1336",lpg1336
"AAU27419,gene:lpg1337",lpg1337
"AAU27420,gene:lpg1338",lpg1338
"AAU27421,gene:lpg1339",lpg1339
"AAU27422,gene:lpg1340",lpg1340
"AAU27423,gene:lpg1341",lpg1341
"AAU27424,gene:lpg1342",lpg1342
"AAU27425,gene:lpg1343",lpg1343
"AAU27426,gene:lpg1344",lpg1344
"AAU27427,gene:lpg1345",lpg1345
"AAU27428,gene:lpg1346",lpg1346
"AAU27429,gene:lpg1347",lpg1347
"AAU27430,gene:lpg1348",lpg1348
"AAU27431,gene:lpg1349",lpg1349
"AAU27432,gene:lpg1350",lpg1350
"AAU27433,gene:lpg1351",lpg1351
"AAU27434,gene:lpg1352",lpg1352
"AAU27435,gene:lpg1353",lpg1353
"AAU27436,gene:lpg1354",lpg1354
"AAU27437,gene:lpg1355",lpg1355
"AAU27438,gene:lpg1356",lpg1356
"AAU27439,gene:lpg1357",lpg1357
"AAU27440,gene:lpg1358",lpg1358
"AAU27441,gene:lpg1359",lpg1359
"AAU27442,gene:lpg1360",lpg1360
"AAU27443,gene:lpg1361",lpg1361
"AAU27444,gene:lpg1362",lpg1362
"AAU27445,gene:lpg1363",lpg1363
"AAU27446,gene:lpg1364",lpg1364
"AAU27447,gene:lpg1365",lpg1365
"AAU27448,gene:lpg1366",lpg1366
"AAU27449,gene:lpg1367",lpg1367
"AAU27450,gene:lpg1368",lpg1368
"AAU27451,gene:lpg1369",lpg1369
"AAU27452,gene:lpg1370",lpg1370
"AAU27453,gene:lpg1371",lpg1371
"AAU27454,gene:lpg1372",lpg1372
"AAU27455,gene:lpg1373",lpg1373
"AAU27456,gene:lpg1374",lpg1374
"AAU27457,gene:lpg1375",lpg1375
"AAU27458,gene:lpg1376",lpg1376
"AAU27459,gene:lpg1377",lpg1377
"AAU27460,gene:lpg1378",lpg1378
"AAU27461,gene:lpg1379",lpg1379
"AAU27462,gene:lpg1380",lpg1380
"AAU27463,gene:lpg1381",lpg1381
"AAU27464,gene:lpg1382",lpg1382
"AAU27465,gene:lpg1383",lpg1383
"AAU27466,gene:lpg1384",lpg1384
"AAU27467,gene:lpg1385",lpg1385
"AAU27468,gene:lpg1386",lpg1386
"AAU27469,gene:lpg1387",lpg1387
"AAU27470,gene:lpg1388",lpg1388
"AAU27471,gene:lpg1389",lpg1389
"AAU27472,gene:lpg1390",lpg1390
"AAU27473,gene:lpg1391",lpg1391
"AAU27474,gene:lpg1392",lpg1392
"AAU27475,gene:lpg1393",lpg1393
"AAU27476,gene:lpg1394",lpg1394
"AAU27477,gene:lpg1395",lpg1395
"AAU27478,gene:lpg1396",lpg1396
"AAU27479,gene:lpg1397",lpg1397
"AAU27480,gene:lpg1398",lpg1398
"AAU27481,gene:lpg1399",lpg1399
"AAU27482,gene:lpg1400",lpg1400
"AAU27483,gene:lpg1401",lpg1401
"AAU27484,gene:lpg1402",lpg1402
"AAU27485,gene:lpg1403",lpg1403
"AAU27486,gene:lpg1404",lpg1404
"AAU27487,gene:lpg1405",lpg1405
"AAU27488,gene:lpg1406",lpg1406
"AAU27489,gene:lpg1407",lpg1407
"AAU27490,gene:lpg1408",lpg1408
"AAU27491,gene:lpg1409",lpg1409
"AAU27492,gene:lpg1410",lpg1410
"AAU27493,gene:lpg1411",lpg1411
"AAU27494,gene:lpg1412",lpg1412
"AAU27495,gene:lpg1413",lpg1413
"AAU27496,gene:lpg1414",lpg1414
"AAU27497,gene:lpg1415",lpg1415
"AAU27498,gene:lpg1416",lpg1416
"AAU27499,gene:lpg1417",lpg1417
"AAU27500,gene:lpg1418",lpg1418
"AAU27501,gene:lpg1419",lpg1419
"AAU27502,gene:lpg1420",lpg1420
"AAU27503,gene:lpg1421",lpg1421
"AAU27504,gene:lpg1422",lpg1422
"AAU27505,gene:lpg1423",lpg1423
"AAU27506,gene:lpg1424",lpg1424
"AAU27507,gene:lpg1425",lpg1425
"AAU27508,gene:lpg1426",lpg1426
"AAU27509,gene:lpg1427",lpg1427
"AAU27510,gene:lpg1428",lpg1428
"AAU27511,gene:lpg1429",lpg1429
"AAU27512,gene:lpg1430",lpg1430
"AAU27513,gene:lpg1431",lpg1431
"AAU27514,gene:lpg1432",lpg1432
"AAU27515,gene:lpg1433",lpg1433
"AAU27516,gene:lpg1434",lpg1434
"AAU27517,gene:lpg1435",lpg1435
"AAU27518,gene:lpg1436",lpg1436
"AAU27519,gene:lpg1437",lpg1437
"AAU27520,gene:lpg1438",lpg1438
"AAU27521,gene:lpg1439",lpg1439
"AAU27522,gene:lpg1440",lpg1440
"AAU27523,gene:lpg1441",lpg1441
"AAU27524,gene:lpg1442",lpg1442
"AAU27525,gene:lpg1443",lpg1443
"AAU27526,gene:lpg1444",lpg1444
"AAU27527,gene:lpg1445",lpg1445
"AAU27528,gene:lpg1446",lpg1446
"AAU27529,gene:lpg1447",lpg1447
"AAU27530,gene:lpg1448",lpg1448
"AAU27531,gene:lpg1449",lpg1449
"AAU27532,gene:lpg1450",lpg1450
"AAU27533,gene:lpg1451",lpg1451
"AAU27534,gene:lpg1452",lpg1452
"AAU27535,gene:lpg1453",lpg1453
"AAU27536,gene:lpg1454",lpg1454
"AAU27537,gene:lpg1455",lpg1455
"AAU27538,gene:lpg1456",lpg1456
"AAU27539,gene:lpg1457",lpg1457
"AAU27540,gene:lpg1458",lpg1458
"AAU27541,gene:lpg1459",lpg1459
"AAU27542,gene:lpg1460",lpg1460
"AAU27543,gene:lpg1461",lpg1461
"AAU27544,gene:lpg1462",lpg1462
"AAU27545,gene:lpg1463",lpg1463
"AAU27546,gene:lpg1464",lpg1464
"AAU27547,gene:lpg1465",lpg1465
"AAU27548,gene:lpg1466",lpg1466
"AAU27549,gene:lpg1467",lpg1467
"AAU27550,gene:lpg1468",lpg1468
"AAU27551,gene:lpg1469",lpg1469
"AAU27552,gene:lpg1470",lpg1470
"AAU27553,gene:lpg1471",lpg1471
"AAU27554,gene:lpg1472",lpg1472
"AAU27555,gene:lpg1473",lpg1473
"AAU27556,gene:lpg1474",lpg1474
"AAU27557,gene:lpg1475",lpg1475
"AAU27558,gene:lpg1476",lpg1476
"AAU27559,gene:lpg1477",lpg1477
"AAU27560,gene:lpg1478",lpg1478
"AAU27561,gene:lpg1479",lpg1479
"AAU27562,gene:lpg1480",lpg1480
"AAU27563,gene:lpg1481",lpg1481
"AAU27564,gene:lpg1482",lpg1482
"AAU27565,gene:lpg1483",lpg1483
"AAU27566,gene:lpg1484",lpg1484
"AAU27567,gene:lpg1485",lpg1485
"AAU27568,gene:lpg1486",lpg1486
"AAU27569,gene:lpg1487",lpg1487
"AAU27570,gene:lpg1488",lpg1488
"AAU27571,gene:lpg1489",lpg1489
"AAU27572,gene:lpg1490",lpg1490
"AAU27573,gene:lpg1491",lpg1491
"AAU27574,gene:lpg1492",lpg1492
"AAU27575,gene:lpg1493",lpg1493
"AAU27576,gene:lpg1494",lpg1494
"AAU27577,gene:lpg1495",lpg1495
"AAU27578,gene:lpg1496",lpg1496
"AAU27579,gene:lpg1497",lpg1497
"AAU27580,gene:lpg1498",lpg1498
"AAU27581,gene:lpg1499",lpg1499
"AAU27582,gene:lpg1500",lpg1500
"AAU27583,gene:lpg1501",lpg1501
"AAU27584,gene:lpg1502",lpg1502
"AAU27585,gene:lpg1503",lpg1503
"AAU27586,gene:lpg1504",lpg1504
"AAU27587,gene:lpg1505",lpg1505
"AAU27588,gene:lpg1506",lpg1506
"AAU27589,gene:lpg1507",lpg1507
"AAU27590,gene:lpg1508",lpg1508
"AAU27591,gene:lpg1509",lpg1509
"AAU27592,gene:lpg1510",lpg1510
"AAU27593,gene:lpg1511",lpg1511
"AAU27594,gene:lpg1512",lpg1512
"AAU27595,gene:lpg1513",lpg1513
"AAU27596,gene:lpg1514",lpg1514
"AAU27597,gene:lpg1515",lpg1515
"AAU27598,gene:lpg1516",lpg1516
"AAU27599,gene:lpg1517",lpg1517
"AAU27600,gene:lpg1518",lpg1518
"AAU27601,gene:lpg1519",lpg1519
"AAU27602,gene:lpg1520",lpg1520
"AAU27603,gene:lpg1521",lpg1521
"AAU27604,gene:lpg1522",lpg1522
"AAU27605,gene:lpg1523",lpg1523
"AAU27606,gene:lpg1524",lpg1524
"AAU27607,gene:lpg1525",lpg1525
"AAU27608,gene:lpg1526",lpg1526
"AAU27609,gene:lpg1527",lpg1527
"AAU27610,gene:lpg1528",lpg1528
"AAU27611,gene:lpg1529",lpg1529
"AAU27612,gene:lpg1530",lpg1530
"AAU27613,gene:lpg1531",lpg1531
"AAU27614,gene:lpg1532",lpg1532
"AAU27615,gene:lpg1533",lpg1533
"AAU27616,gene:lpg1534",lpg1534
"AAU27617,gene:lpg1535",lpg1535
"AAU27618,gene:lpg1536",lpg1536
"AAU27619,gene:lpg1537",lpg1537
"AAU27620,gene:lpg1538",lpg1538
"AAU27621,gene:lpg1539",lpg1539
"AAU27622,gene:lpg1540",lpg1540
"AAU27623,gene:lpg1541",lpg1541
"AAU27624,gene:lpg1542",lpg1542
"AAU27625,gene:lpg1543",lpg1543
"AAU27626,gene:lpg1544",lpg1544
"AAU27627,gene:lpg1545",lpg1545
"AAU27628,gene:lpg1546",lpg1546
"AAU27629,gene:lpg1547",lpg1547
"AAU27630,gene:lpg1548",lpg1548
"AAU27631,gene:lpg1549",lpg1549
"AAU27632,gene:lpg1550",lpg1550
"AAU27633,gene:lpg1551",lpg1551
"AAU27634,gene:lpg1552",lpg1552
"AAU27635,gene:lpg1553",lpg1553
"AAU27636,gene:lpg1554",lpg1554
"AAU27637,gene:lpg1555",lpg1555
"AAU27638,gene:lpg1556",lpg1556
"AAU27639,gene:lpg1557",lpg1557
"AAU27640,gene:lpg1558",lpg1558
"AAU27641,gene:lpg1559",lpg1559
"AAU27642,gene:lpg1560",lpg1560
"AAU27643,gene:lpg1561",lpg1561
"AAU27644,gene:lpg1562",lpg1562
"AAU27645,gene:lpg1563",lpg1563
"AAU27646,gene:lpg1564",lpg1564
"AAU27647,gene:lpg1565",lpg1565
"AAU27648,gene:lpg1566",lpg1566
"AAU27649,gene:lpg1567",lpg1567
"AAU27650,gene:lpg1568",lpg1568
"AAU27651,gene:lpg1569",lpg1569
"AAU27652,gene:lpg1570",lpg1570
"AAU27653,gene:lpg1571",lpg1571
"AAU27654,gene:lpg1572",lpg1572
"AAU27655,gene:lpg1573",lpg1573
"AAU27656,gene:lpg1574",lpg1574
"AAU27657,gene:lpg1575",lpg1575
"AAU27658,gene:lpg1576",lpg1576
"AAU27659,gene:lpg1577",lpg1577
"AAU27660,gene:lpg1578",lpg1578
"AAU27661,gene:lpg1579",lpg1579
"AAU27662,gene:lpg1580",lpg1580
"AAU27663,gene:lpg1581",lpg1581
"AAU27664,gene:lpg1582",lpg1582
"AAU27665,gene:lpg1583",lpg1583
"AAU27666,gene:lpg1584",lpg1584
"AAU27667,gene:lpg1585",lpg1585
"AAU27668,gene:lpg1586",lpg1586
"AAU27669,gene:lpg1587",lpg1587
"AAU27670,gene:lpg1588",lpg1588
"AAU27671,gene:lpg1589",lpg1589
"AAU27672,gene:lpg1590",lpg1590
"AAU27673,gene:lpg1591",lpg1591
"AAU27674,gene:lpg1592",lpg1592
"AAU27675,gene:lpg1593",lpg1593
"AAU27676,gene:lpg1594",lpg1594
"AAU27677,gene:lpg1595",lpg1595
"AAU27678,gene:lpg1596",lpg1596
"AAU27679,gene:lpg1597",lpg1597
"AAU27680,gene:lpg1598",lpg1598
"AAU27681,gene:lpg1599",lpg1599
"AAU27682,gene:lpg1602",lpg1602
"AAU27683,gene:lpg1603",lpg1603
"AAU27684,gene:lpg1604",lpg1604
"AAU27685,gene:lpg1605",lpg1605
"AAU27686,gene:lpg1606",lpg1606
"AAU27687,gene:lpg1607",lpg1607
"AAU27688,gene:lpg1608",lpg1608
"AAU27689,gene:lpg1609",lpg1609
"AAU27690,gene:lpg1610",lpg1610
"AAU27691,gene:lpg1611",lpg1611
"AAU27692,gene:lpg1612",lpg1612
"AAU27693,gene:lpg1613",lpg1613
"AAU27694,gene:lpg1614",lpg1614
"AAU27695,gene:lpg1615",lpg1615
"AAU27696,gene:lpg1616",lpg1616
"AAU27697,gene:lpg1617",lpg1617
"AAU27698,gene:lpg1618",lpg1618
"AAU27699,gene:lpg1619",lpg1619
"AAU27700,gene:lpg1620",lpg1620
"AAU27701,gene:lpg1621",lpg1621
"AAU27702,gene:lpg1622",lpg1622
"AAU27703,gene:lpg1623",lpg1623
"AAU27704,gene:lpg1624",lpg1624
"AAU27705,gene:lpg1625",lpg1625
"AAU27706,gene:lpg1626",lpg1626
"AAU27707,gene:lpg1627",lpg1627
"AAU27708,gene:lpg1628",lpg1628
"AAU27709,gene:lpg1629",lpg1629
"AAU27710,gene:lpg1630",lpg1630
"AAU27711,gene:lpg1631",lpg1631
"AAU27712,gene:lpg1632",lpg1632
"AAU27713,gene:lpg1633",lpg1633
"AAU27714,gene:lpg1634",lpg1634
"AAU27715,gene:lpg1635",lpg1635
"AAU27716,gene:lpg1636",lpg1636
"AAU27717,gene:lpg1637",lpg1637
"AAU27718,gene:lpg1638",lpg1638
"AAU27719,gene:lpg1639",lpg1639
"AAU27720,gene:lpg1640",lpg1640
"AAU27721,gene:lpg1641",lpg1641
"AAU27722,gene:lpg1642",lpg1642
"AAU27723,gene:lpg1643",lpg1643
"AAU27724,gene:lpg1644",lpg1644
"AAU27725,gene:lpg1645",lpg1645
"AAU27726,gene:lpg1646",lpg1646
"AAU27727,gene:lpg1647",lpg1647
"AAU27728,gene:lpg1648",lpg1648
"AAU27729,gene:lpg1649",lpg1649
"AAU27730,gene:lpg1650",lpg1650
"AAU27731,gene:lpg1651",lpg1651
"AAU27732,gene:lpg1652",lpg1652
"AAU27733,gene:lpg1653",lpg1653
"AAU27734,gene:lpg1654",lpg1654
"AAU27735,gene:lpg1655",lpg1655
"AAU27736,gene:lpg1656",lpg1656
"AAU27737,gene:lpg1657",lpg1657
"AAU27738,gene:lpg1658",lpg1658
"AAU27739,gene:lpg1659",lpg1659
"AAU27740,gene:lpg1660",lpg1660
"AAU27741,gene:lpg1661",lpg1661
"AAU27742,gene:lpg1662",lpg1662
"AAU27743,gene:lpg1663",lpg1663
"AAU27744,gene:lpg1664",lpg1664
"AAU27745,gene:lpg1665",lpg1665
"AAU27746,gene:lpg1666",lpg1666
"AAU27747,gene:lpg1667",lpg1667
"AAU27748,gene:lpg1668",lpg1668
"AAU27749,gene:lpg1669",lpg1669
"AAU27750,gene:lpg1670",lpg1670
"AAU27751,gene:lpg1671",lpg1671
"AAU27752,gene:lpg1672",lpg1672
"AAU27753,gene:lpg1673",lpg1673
"AAU27754,gene:lpg1674",lpg1674
"AAU27755,gene:lpg1675",lpg1675
"AAU27756,gene:lpg1676",lpg1676
"AAU27757,gene:lpg1677",lpg1677
"AAU27758,gene:lpg1678",lpg1678
"AAU27759,gene:lpg1679",lpg1679
"AAU27760,gene:lpg1680",lpg1680
"AAU27761,gene:lpg1681",lpg1681
"AAU27762,gene:lpg1682",lpg1682
"AAU27763,gene:lpg1683",lpg1683
"AAU27764,gene:lpg1684",lpg1684
"AAU27765,gene:lpg1685",lpg1685
"AAU27766,gene:lpg1686",lpg1686
"AAU27767,gene:lpg1687",lpg1687
"AAU27768,gene:lpg1688",lpg1688
"AAU27769,gene:lpg1689",lpg1689
"AAU27770,gene:lpg1690",lpg1690
"AAU27771,gene:lpg1691",lpg1691
"AAU27772,gene:lpg1692",lpg1692
"AAU27773,gene:lpg1693",lpg1693
"AAU27774,gene:lpg1694",lpg1694
"AAU27775,gene:lpg1695",lpg1695
"AAU27776,gene:lpg1696",lpg1696
"AAU27777,gene:lpg1697",lpg1697
"AAU27778,gene:lpg1698",lpg1698
"AAU27779,gene:lpg1699",lpg1699
"AAU27780,gene:lpg1700",lpg1700
"AAU27781,gene:lpg1701",lpg1701
"AAU27782,gene:lpg1702",lpg1702
"AAU27783,gene:lpg1703",lpg1703
"AAU27784,gene:lpg1704",lpg1704
"AAU27785,gene:lpg1705",lpg1705
"AAU27786,gene:lpg1706",lpg1706
"AAU27787,gene:lpg1707",lpg1707
"AAU27788,gene:lpg1708",lpg1708
"AAU27789,gene:lpg1709",lpg1709
"AAU27790,gene:lpg1710",lpg1710
"AAU27791,gene:lpg1711",lpg1711
"AAU27792,gene:lpg1712",lpg1712
"AAU27793,gene:lpg1713",lpg1713
"AAU27794,gene:lpg1714",lpg1714
"AAU27795,gene:lpg1715",lpg1715
"AAU27796,gene:lpg1716",lpg1716
"AAU27797,gene:lpg1717",lpg1717
"AAU27798,gene:lpg1718",lpg1718
"AAU27799,gene:lpg1719",lpg1719
"AAU27800,gene:lpg1720",lpg1720
"AAU27801,gene:lpg1721",lpg1721
"AAU27802,gene:lpg1722",lpg1722
"AAU27803,gene:lpg1723",lpg1723
"AAU27804,gene:lpg1724",lpg1724
"AAU27805,gene:lpg1726",lpg1726
"AAU27806,gene:lpg1727",lpg1727
"AAU27807,gene:lpg1728",lpg1728
"AAU27808,gene:lpg1729",lpg1729
"AAU27809,gene:lpg1730",lpg1730
"AAU27810,gene:lpg1731",lpg1731
"AAU27811,gene:lpg1732",lpg1732
"AAU27812,gene:lpg1733",lpg1733
"AAU27813,gene:lpg1734",lpg1734
"AAU27814,gene:lpg1735",lpg1735
"AAU27815,gene:lpg1736",lpg1736
"AAU27816,gene:lpg1737",lpg1737
"AAU27817,gene:lpg1738",lpg1738
"AAU27818,gene:lpg1739",lpg1739
"AAU27819,gene:lpg1740",lpg1740
"AAU27820,gene:lpg1741",lpg1741
"AAU27821,gene:lpg1742",lpg1742
"AAU27822,gene:lpg1743",lpg1743
"AAU27823,gene:lpg1744",lpg1744
"AAU27824,gene:lpg1745",lpg1745
"AAU27825,gene:lpg1746",lpg1746
"AAU27826,gene:lpg1747",lpg1747
"AAU27827,gene:lpg1748",lpg1748
"AAU27828,gene:lpg1749",lpg1749
"AAU27829,gene:lpg1750",lpg1750
"AAU27830,gene:lpg1751",lpg1751
"AAU27831,gene:lpg1752",lpg1752
"AAU27832,gene:lpg1753",lpg1753
"AAU27833,gene:lpg1754",lpg1754
"AAU27834,gene:lpg1755",lpg1755
"AAU27835,gene:lpg1756",lpg1756
"AAU27836,gene:lpg1757",lpg1757
"AAU27837,gene:lpg1758",lpg1758
"AAU27838,gene:lpg1759",lpg1759
"AAU27839,gene:lpg1760",lpg1760
"AAU27840,gene:lpg1761",lpg1761
"AAU27841,gene:lpg1762",lpg1762
"AAU27842,gene:lpg1763",lpg1763
"AAU27843,gene:lpg1764",lpg1764
"AAU27844,gene:lpg1765",lpg1765
"AAU27845,gene:lpg1766",lpg1766
"AAU27846,gene:lpg1767",lpg1767
"AAU27847,gene:lpg1768",lpg1768
"AAU27848,gene:lpg1769",lpg1769
"AAU27849,gene:lpg1770",lpg1770
"AAU27850,gene:lpg1771",lpg1771
"AAU27851,gene:lpg1772",lpg1772
"AAU27852,gene:lpg1773",lpg1773
"AAU27853,gene:lpg1774",lpg1774
"AAU27854,gene:lpg1775",lpg1775
"AAU27855,gene:lpg1776",lpg1776
"AAU27856,gene:lpg1777",lpg1777
"AAU27857,gene:lpg1778",lpg1778
"AAU27858,gene:lpg1779",lpg1779
"AAU27859,gene:lpg1780",lpg1780
"AAU27860,gene:lpg1781",lpg1781
"AAU27861,gene:lpg1782",lpg1782
"AAU27862,gene:lpg1783",lpg1783
"AAU27863,gene:lpg1784",lpg1784
"AAU27864,gene:lpg1785",lpg1785
"AAU27865,gene:lpg1786",lpg1786
"AAU27866,gene:lpg1787",lpg1787
"AAU27867,gene:lpg1788",lpg1788
"AAU27868,gene:lpg1789",lpg1789
"AAU27869,gene:lpg1790",lpg1790
"AAU27870,gene:lpg1791",lpg1791
"AAU27871,gene:lpg1792",lpg1792
"AAU27872,gene:lpg1793",lpg1793
"AAU27873,gene:lpg1794",lpg1794
"AAU27874,gene:lpg1795",lpg1795
"AAU27875,gene:lpg1796",lpg1796
"AAU27876,gene:lpg1797",lpg1797
"AAU27877,gene:lpg1798",lpg1798
"AAU27878,gene:lpg1799",lpg1799
"AAU27879,gene:lpg1800",lpg1800
"AAU27880,gene:lpg1801",lpg1801
"AAU27881,gene:lpg1802",lpg1802
"AAU27882,gene:lpg1803",lpg1803
"AAU27883,gene:lpg1804",lpg1804
"AAU27884,gene:lpg1805",lpg1805
"AAU27885,gene:lpg1806",lpg1806
"AAU27886,gene:lpg1807",lpg1807
"AAU27887,gene:lpg1808",lpg1808
"AAU27888,gene:lpg1809",lpg1809
"AAU27889,gene:lpg1810",lpg1810
"AAU27890,gene:lpg1811",lpg1811
"AAU27891,gene:lpg1812",lpg1812
"AAU27892,gene:lpg1813",lpg1813
"AAU27893,gene:lpg1814",lpg1814
"AAU27894,gene:lpg1815",lpg1815
"AAU27895,gene:lpg1816",lpg1816
"AAU27896,gene:lpg1817",lpg1817
"AAU27897,gene:lpg1818",lpg1818
"AAU27898,gene:lpg1819",lpg1819
"AAU27899,gene:lpg1820",lpg1820
"AAU27900,gene:lpg1821",lpg1821
"AAU27901,gene:lpg1822",lpg1822
"AAU27902,gene:lpg1823",lpg1823
"AAU27903,gene:lpg1824",lpg1824
"AAU27904,gene:lpg1825",lpg1825
"AAU27905,gene:lpg1826",lpg1826
"AAU27906,gene:lpg1827",lpg1827
"AAU27907,gene:lpg1828",lpg1828
"AAU27908,gene:lpg1829",lpg1829
"AAU27909,gene:lpg1830",lpg1830
"AAU27910,gene:lpg1831",lpg1831
"AAU27911,gene:lpg1832",lpg1832
"AAU27912,gene:lpg1833",lpg1833
"AAU27913,gene:lpg1834",lpg1834
"AAU27914,gene:lpg1835",lpg1835
"AAU27915,gene:lpg1836",lpg1836
"AAU27916,gene:lpg1837",lpg1837
"AAU27917,gene:lpg1838",lpg1838
"AAU27918,gene:lpg1839",lpg1839
"AAU27919,gene:lpg1840",lpg1840
"AAU27920,gene:lpg1841",lpg1841
"AAU27921,gene:lpg1842",lpg1842
"AAU27922,gene:lpg1843",lpg1843
"AAU27923,gene:lpg1844",lpg1844
"AAU27924,gene:lpg1845",lpg1845
"AAU27925,gene:lpg1846",lpg1846
"AAU27926,gene:lpg1847",lpg1847
"AAU27927,gene:lpg1848",lpg1848
"AAU27928,gene:lpg1849",lpg1849
"AAU27929,gene:lpg1850",lpg1850
"AAU27930,gene:lpg1851",lpg1851
"AAU27931,gene:lpg1852",lpg1852
"AAU27932,gene:lpg1853",lpg1853
"AAU27933,gene:lpg1854",lpg1854
"AAU27934,gene:lpg1855",lpg1855
"AAU27935,gene:lpg1858",lpg1858
"AAU27936,gene:lpg1859",lpg1859
"AAU27937,gene:lpg1860",lpg1860
"AAU27938,gene:lpg1861",lpg1861
"AAU27939,gene:lpg1862",lpg1862
"AAU27940,gene:lpg1867",lpg1867
"AAU27941,gene:lpg1868",lpg1868
"AAU27942,gene:lpg1869",lpg1869
"AAU27943,gene:lpg1870",lpg1870
"AAU27944,gene:lpg1871",lpg1871
"AAU27945,gene:lpg1872",lpg1872
"AAU27946,gene:lpg1873",lpg1873
"AAU27947,gene:lpg1874",lpg1874
"AAU27948,gene:lpg1875",lpg1875
"AAU27949,gene:lpg1876",lpg1876
"AAU27950,gene:lpg1877",lpg1877
"AAU27951,gene:lpg1881",lpg1881
"AAU27952,gene:lpg1882",lpg1882
"AAU27953,gene:lpg1883",lpg1883
"AAU27954,gene:lpg1884",lpg1884
"AAU27955,gene:lpg1885",lpg1885
"AAU27956,gene:lpg1886",lpg1886
"AAU27957,gene:lpg1887",lpg1887
"AAU27958,gene:lpg1888",lpg1888
"AAU27959,gene:lpg1889",lpg1889
"AAU27960,gene:lpg1890",lpg1890
"AAU27961,gene:lpg1891",lpg1891
"AAU27962,gene:lpg1892",lpg1892
"AAU27963,gene:lpg1893",lpg1893
"AAU27964,gene:lpg1894",lpg1894
"AAU27965,gene:lpg1895",lpg1895
"AAU27966,gene:lpg1896",lpg1896
"AAU27967,gene:lpg1897",lpg1897
"AAU27968,gene:lpg1898",lpg1898
"AAU27969,gene:lpg1899",lpg1899
"AAU27970,gene:lpg1900",lpg1900
"AAU27971,gene:lpg1901",lpg1901
"AAU27972,gene:lpg1902",lpg1902
"AAU27973,gene:lpg1903",lpg1903
"AAU27974,gene:lpg1904",lpg1904
"AAU27975,gene:lpg1905",lpg1905
"AAU27976,gene:lpg1906",lpg1906
"AAU27977,gene:lpg1907",lpg1907
"AAU27978,gene:lpg1908",lpg1908
"AAU27979,gene:lpg1909",lpg1909
"AAU27980,gene:lpg1910",lpg1910
"AAU27981,gene:lpg1911",lpg1911
"AAU27982,gene:lpg1912",lpg1912
"AAU27983,gene:lpg1913",lpg1913
"AAU27984,gene:lpg1914",lpg1914
"AAU27985,gene:lpg1915",lpg1915
"AAU27986,gene:lpg1916",lpg1916
"AAU27987,gene:lpg1917",lpg1917
"AAU27988,gene:lpg1918",lpg1918
"AAU27989,gene:lpg1919",lpg1919
"AAU27990,gene:lpg1920",lpg1920
"AAU27991,gene:lpg1921",lpg1921
"AAU27992,gene:lpg1922",lpg1922
"AAU27993,gene:lpg1923",lpg1923
"AAU27994,gene:lpg1924",lpg1924
"AAU27995,gene:lpg1925",lpg1925
"AAU27996,gene:lpg1926",lpg1926
"AAU27997,gene:lpg1927",lpg1927
"AAU27998,gene:lpg1928",lpg1928
"AAU27999,gene:lpg1930",lpg1930
"AAU28000,gene:lpg1931",lpg1931
"AAU28001,gene:lpg1932",lpg1932
"AAU28002,gene:lpg1933",lpg1933
"AAU28003,gene:lpg1934",lpg1934
"AAU28004,gene:lpg1935",lpg1935
"AAU28005,gene:lpg1936",lpg1936
"AAU28006,gene:lpg1937",lpg1937
"AAU28007,gene:lpg1938",lpg1938
"AAU28008,gene:lpg1939",lpg1939
"AAU28009,gene:lpg1940",lpg1940
"AAU28010,gene:lpg1941",lpg1941
"AAU28011,gene:lpg1942",lpg1942
"AAU28012,gene:lpg1943",lpg1943
"AAU28013,gene:lpg1944",lpg1944
"AAU28014,gene:lpg1945",lpg1945
"AAU28015,gene:lpg1946",lpg1946
"AAU28016,gene:lpg1947",lpg1947
"AAU28017,gene:lpg1948",lpg1948
"AAU28018,gene:lpg1949",lpg1949
"AAU28019,gene:lpg1950",lpg1950
"AAU28020,gene:lpg1951",lpg1951
"AAU28021,gene:lpg1952",lpg1952
"AAU28022,gene:lpg1953",lpg1953
"AAU28023,gene:lpg1954",lpg1954
"AAU28024,gene:lpg1955",lpg1955
"AAU28025,gene:lpg1956",lpg1956
"AAU28026,gene:lpg1957",lpg1957
"AAU28027,gene:lpg1958",lpg1958
"AAU28028,gene:lpg1959",lpg1959
"AAU28029,gene:lpg1960",lpg1960
"AAU28030,gene:lpg1961",lpg1961
"AAU28031,gene:lpg1962",lpg1962
"AAU28032,gene:lpg1963",lpg1963
"AAU28033,gene:lpg1964",lpg1964
"AAU28034,gene:lpg1965",lpg1965
"AAU28035,gene:lpg1966",lpg1966
"AAU28036,gene:lpg1967",lpg1967
"AAU28037,gene:lpg1968",lpg1968
"AAU28038,gene:lpg1969",lpg1969
"AAU28039,gene:lpg1970",lpg1970
"AAU28040,gene:lpg1971",lpg1971
"AAU28041,gene:lpg1972",lpg1972
"AAU28042,gene:lpg1973",lpg1973
"AAU28043,gene:lpg1974",lpg1974
"AAU28044,gene:lpg1975",lpg1975
"AAU28045,gene:lpg1976",lpg1976
"AAU28046,gene:lpg1977",lpg1977
"AAU28047,gene:lpg1978",lpg1978
"AAU28048,gene:lpg1979",lpg1979
"AAU28049,gene:lpg1980",lpg1980
"AAU28050,gene:lpg1981",lpg1981
"AAU28051,gene:lpg1982",lpg1982
"AAU28052,gene:lpg1983",lpg1983
"AAU28053,gene:lpg1984",lpg1984
"AAU28054,gene:lpg1985",lpg1985
"AAU28055,gene:lpg1986",lpg1986
"AAU28056,gene:lpg1987",lpg1987
"AAU28057,gene:lpg1988",lpg1988
"AAU28058,gene:lpg1989",lpg1989
"AAU28059,gene:lpg1990",lpg1990
"AAU28060,gene:lpg1991",lpg1991
"AAU28061,gene:lpg1992",lpg1992
"AAU28062,gene:lpg1993",lpg1993
"AAU28063,gene:lpg1994",lpg1994
"AAU28064,gene:lpg1995",lpg1995
"AAU28065,gene:lpg1996",lpg1996
"AAU28066,gene:lpg1997",lpg1997
"AAU28067,gene:lpg1998",lpg1998
"AAU28068,gene:lpg1999",lpg1999
"AAU28069,gene:lpg2000",lpg2000
"AAU28070,gene:lpg2001",lpg2001
"AAU28071,gene:lpg2002",lpg2002
"AAU28072,gene:lpg2003",lpg2003
"AAU28073,gene:lpg2004",lpg2004
"AAU28074,gene:lpg2005",lpg2005
"AAU28075,gene:lpg2006",lpg2006
"AAU28076,gene:lpg2007",lpg2007
"AAU28077,gene:lpg2008",lpg2008
"AAU28078,gene:lpg2009",lpg2009
"AAU28079,gene:lpg2010",lpg2010
"AAU28080,gene:lpg2011",lpg2011
"AAU28081,gene:lpg2012",lpg2012
"AAU28082,gene:lpg2013",lpg2013
"AAU28083,gene:lpg2014",lpg2014
"AAU28084,gene:lpg2015",lpg2015
"AAU28085,gene:lpg2016",lpg2016
"AAU28086,gene:lpg2017",lpg2017
"AAU28087,gene:lpg2018",lpg2018
"AAU28088,gene:lpg2019",lpg2019
"AAU28089,gene:lpg2020",lpg2020
"AAU28090,gene:lpg2021",lpg2021
"AAU28091,gene:lpg2022",lpg2022
"AAU28092,gene:lpg2023",lpg2023
"AAU28093,gene:lpg2024",lpg2024
"AAU28094,gene:lpg2025",lpg2025
"AAU28095,gene:lpg2026",lpg2026
"AAU28096,gene:lpg2027",lpg2027
"AAU28097,gene:lpg2028",lpg2028
"AAU28098,gene:lpg2029",lpg2029
"AAU28099,gene:lpg2030",lpg2030
"AAU28100,gene:lpg2031",lpg2031
"AAU28101,gene:lpg2032",lpg2032
"AAU28102,gene:lpg2033",lpg2033
"AAU28103,gene:lpg2034",lpg2034
"AAU28104,gene:lpg2035",lpg2035
"AAU28105,gene:lpg2036",lpg2036
"AAU28106,gene:lpg2037",lpg2037
"AAU28107,gene:lpg2038",lpg2038
"AAU28108,gene:lpg2039",lpg2039
"AAU28109,gene:lpg2040",lpg2040
"AAU28110,gene:lpg2041",lpg2041
"AAU28111,gene:lpg2042",lpg2042
"AAU28112,gene:lpg2043",lpg2043
"AAU28113,gene:lpg2044",lpg2044
"AAU28114,gene:lpg2045",lpg2045
"AAU28115,gene:lpg2046",lpg2046
"AAU28116,gene:lpg2047",lpg2047
"AAU28117,gene:lpg2048",lpg2048
"AAU28118,gene:lpg2049",lpg2049
"AAU28119,gene:lpg2050",lpg2050
"AAU28120,gene:lpg2051",lpg2051
"AAU28121,gene:lpg2052",lpg2052
"AAU28122,gene:lpg2053",lpg2053
"AAU28123,gene:lpg2057",lpg2057
"AAU28124,gene:lpg2058",lpg2058
"AAU28125,gene:lpg2059",lpg2059
"AAU28126,gene:lpg2060",lpg2060
"AAU28127,gene:lpg2061",lpg2061
"AAU28128,gene:lpg2062",lpg2062
"AAU28129,gene:lpg2063",lpg2063
"AAU28130,gene:lpg2064",lpg2064
"AAU28131,gene:lpg2065",lpg2065
"AAU28132,gene:lpg2066",lpg2066
"AAU28133,gene:lpg2067",lpg2067
"AAU28134,gene:lpg2068",lpg2068
"AAU28135,gene:lpg2069",lpg2069
"AAU28136,gene:lpg2070",lpg2070
"AAU28137,gene:lpg2071",lpg2071
"AAU28138,gene:lpg2072",lpg2072
"AAU28139,gene:lpg2073",lpg2073
"AAU28140,gene:lpg2074",lpg2074
"AAU28141,gene:lpg2075",lpg2075
"AAU28142,gene:lpg2076",lpg2076
"AAU28143,gene:lpg2077",lpg2077
"AAU28144,gene:lpg2078",lpg2078
"AAU28145,gene:lpg2079",lpg2079
"AAU28146,gene:lpg2080",lpg2080
"AAU28147,gene:lpg2081",lpg2081
"AAU28148,gene:lpg2082",lpg2082
"AAU28149,gene:lpg2083",lpg2083
"AAU28150,gene:lpg2084",lpg2084
"AAU28151,gene:lpg2085",lpg2085
"AAU28152,gene:lpg2086",lpg2086
"AAU28153,gene:lpg2087",lpg2087
"AAU28154,gene:lpg2088",lpg2088
"AAU28155,gene:lpg2089",lpg2089
"AAU28156,gene:lpg2090",lpg2090
"AAU28157,gene:lpg2091",lpg2091
"AAU28158,gene:lpg2092",lpg2092
"AAU28159,gene:lpg2093",lpg2093
"AAU28160,gene:lpg2094",lpg2094
"AAU28161,gene:lpg2095",lpg2095
"AAU28162,gene:lpg2096",lpg2096
"AAU28163,gene:lpg2097",lpg2097
"AAU28164,gene:lpg2098",lpg2098
"AAU28165,gene:lpg2099",lpg2099
"AAU28166,gene:lpg2100",lpg2100
"AAU28167,gene:lpg2101",lpg2101
"AAU28168,gene:lpg2102",lpg2102
"AAU28169,gene:lpg2103",lpg2103
"AAU28170,gene:lpg2104",lpg2104
"AAU28171,gene:lpg2105",lpg2105
"AAU28172,gene:lpg2106",lpg2106
"AAU28173,gene:lpg2107",lpg2107
"AAU28174,gene:lpg2108",lpg2108
"AAU28175,gene:lpg2109",lpg2109
"AAU28176,gene:lpg2110",lpg2110
"AAU28177,gene:lpg2111",lpg2111
"AAU28178,gene:lpg2112",lpg2112
"AAU28179,gene:lpg2113",lpg2113
"AAU28180,gene:lpg2114",lpg2114
"AAU28181,gene:lpg2115",lpg2115
"AAU28182,gene:lpg2116",lpg2116
"AAU28183,gene:lpg2118",lpg2118
"AAU28184,gene:lpg2117",lpg2117
"AAU28185,gene:lpg2119",lpg2119
"AAU28186,gene:lpg2120",lpg2120
"AAU28187,gene:lpg2121",lpg2121
"AAU28188,gene:lpg2122",lpg2122
"AAU28189,gene:lpg2123",lpg2123
"AAU28190,gene:lpg2124",lpg2124
"AAU28191,gene:lpg2125",lpg2125
"AAU28192,gene:lpg2126",lpg2126
"AAU28193,gene:lpg2127",lpg2127
"AAU28194,gene:lpg2128",lpg2128
"AAU28195,gene:lpg2129",lpg2129
"AAU28196,gene:lpg2130",lpg2130
"AAU28197,gene:lpg2131",lpg2131
"AAU28198,gene:lpg2132",lpg2132
"AAU28199,gene:lpg2133",lpg2133
"AAU28200,gene:lpg2134",lpg2134
"AAU28201,gene:lpg2135",lpg2135
"AAU28202,gene:lpg2136",lpg2136
"AAU28203,gene:lpg2137",lpg2137
"AAU28204,gene:lpg2138",lpg2138
"AAU28205,gene:lpg2139",lpg2139
"AAU28206,gene:lpg2140",lpg2140
"AAU28207,gene:lpg2141",lpg2141
"AAU28208,gene:lpg2142",lpg2142
"AAU28209,gene:lpg2143",lpg2143
"AAU28210,gene:lpg2144",lpg2144
"AAU28211,gene:lpg2145",lpg2145
"AAU28212,gene:lpg2146",lpg2146
"AAU28213,gene:lpg2147",lpg2147
"AAU28214,gene:lpg2148",lpg2148
"AAU28215,gene:lpg2149",lpg2149
"AAU28216,gene:lpg2150",lpg2150
"AAU28217,gene:lpg2151",lpg2151
"AAU28218,gene:lpg2152",lpg2152
"AAU28219,gene:lpg2153",lpg2153
"AAU28220,gene:lpg2154",lpg2154
"AAU28221,gene:lpg2155",lpg2155
"AAU28222,gene:lpg2156",lpg2156
"AAU28223,gene:lpg2157",lpg2157
"AAU28224,gene:lpg2158",lpg2158
"AAU28225,gene:lpg2159",lpg2159
"AAU28226,gene:lpg2160",lpg2160
"AAU28227,gene:lpg2161",lpg2161
"AAU28228,gene:lpg2162",lpg2162
"AAU28229,gene:lpg2163",lpg2163
"AAU28230,gene:lpg2164",lpg2164
"AAU28231,gene:lpg2165",lpg2165
"AAU28232,gene:lpg2166",lpg2166
"AAU28233,gene:lpg2167",lpg2167
"AAU28234,gene:lpg2168",lpg2168
"AAU28235,gene:lpg2169",lpg2169
"AAU28236,gene:lpg2170",lpg2170
"AAU28237,gene:lpg2171",lpg2171
"AAU28238,gene:lpg2172",lpg2172
"AAU28239,gene:lpg2173",lpg2173
"AAU28240,gene:lpg2175",lpg2175
"AAU28241,gene:lpg2176",lpg2176
"AAU28242,gene:lpg2177",lpg2177
"AAU28243,gene:lpg2178",lpg2178
"AAU28244,gene:lpg2179",lpg2179
"AAU28245,gene:lpg2180",lpg2180
"AAU28246,gene:lpg2181",lpg2181
"AAU28247,gene:lpg2182",lpg2182
"AAU28248,gene:lpg2183",lpg2183
"AAU28249,gene:lpg2184",lpg2184
"AAU28250,gene:lpg2185",lpg2185
"AAU28251,gene:lpg2186",lpg2186
"AAU28252,gene:lpg2187",lpg2187
"AAU28253,gene:lpg2188",lpg2188
"AAU28254,gene:lpg2189",lpg2189
"AAU28255,gene:lpg2190",lpg2190
"AAU28256,gene:lpg2191",lpg2191
"AAU28257,gene:lpg2192",lpg2192
"AAU28258,gene:lpg2193",lpg2193
"AAU28259,gene:lpg2194",lpg2194
"AAU28260,gene:lpg2195",lpg2195
"AAU28261,gene:lpg2196",lpg2196
"AAU28262,gene:lpg2197",lpg2197
"AAU28263,gene:lpg2198",lpg2198
"AAU28264,gene:lpg2199",lpg2199
"AAU28265,gene:lpg2200",lpg2200
"AAU28266,gene:lpg2201",lpg2201
"AAU28267,gene:lpg2202",lpg2202
"AAU28268,gene:lpg2203",lpg2203
"AAU28269,gene:lpg2204",lpg2204
"AAU28270,gene:lpg2205",lpg2205
"AAU28271,gene:lpg2206",lpg2206
"AAU28272,gene:lpg2207",lpg2207
"AAU28273,gene:lpg2208",lpg2208
"AAU28274,gene:lpg2209",lpg2209
"AAU28275,gene:lpg2210",lpg2210
"AAU28276,gene:lpg2211",lpg2211
"AAU28277,gene:lpg2212",lpg2212
"AAU28278,gene:lpg2213",lpg2213
"AAU28279,gene:lpg2214",lpg2214
"AAU28280,gene:lpg2215",lpg2215
"AAU28281,gene:lpg2216",lpg2216
"AAU28282,gene:lpg2217",lpg2217
"AAU28283,gene:lpg2218",lpg2218
"AAU28284,gene:lpg2219",lpg2219
"AAU28285,gene:lpg2220",lpg2220
"AAU28286,gene:lpg2221",lpg2221
"AAU28287,gene:lpg2222",lpg2222
"AAU28288,gene:lpg2223",lpg2223
"AAU28289,gene:lpg2224",lpg2224
"AAU28290,gene:lpg2225",lpg2225
"AAU28291,gene:lpg2226",lpg2226
"AAU28292,gene:lpg2227",lpg2227
"AAU28293,gene:lpg2228",lpg2228
"AAU28294,gene:lpg2229",lpg2229
"AAU28295,gene:lpg2230",lpg2230
"AAU28296,gene:lpg2231",lpg2231
"AAU28297,gene:lpg2232",lpg2232
"AAU28298,gene:lpg2233",lpg2233
"AAU28299,gene:lpg2234",lpg2234
"AAU28300,gene:lpg2235",lpg2235
"AAU28301,gene:lpg2236",lpg2236
"AAU28302,gene:lpg2237",lpg2237
"AAU28303,gene:lpg2238",lpg2238
"AAU28304,gene:lpg2239",lpg2239
"AAU28305,gene:lpg2240",lpg2240
"AAU28306,gene:lpg2241",lpg2241
"AAU28307,gene:lpg2242",lpg2242
"AAU28308,gene:lpg2243",lpg2243
"AAU28309,gene:lpg2244",lpg2244
"AAU28310,gene:lpg2245",lpg2245
"AAU28311,gene:lpg2246",lpg2246
"AAU28312,gene:lpg2247",lpg2247
"AAU28313,gene:lpg2248",lpg2248
"AAU28314,gene:lpg2249",lpg2249
"AAU28315,gene:lpg2250",lpg2250
"AAU28316,gene:lpg2251",lpg2251
"AAU28317,gene:lpg2252",lpg2252
"AAU28318,gene:lpg2253",lpg2253
"AAU28319,gene:lpg2254",lpg2254
"AAU28320,gene:lpg2255",lpg2255
"AAU28321,gene:lpg2256",lpg2256
"AAU28322,gene:lpg2257",lpg2257
"AAU28323,gene:lpg2258",lpg2258
"AAU28324,gene:lpg2259",lpg2259
"AAU28325,gene:lpg2260",lpg2260
"AAU28326,gene:lpg2261",lpg2261
"AAU28327,gene:lpg2262",lpg2262
"AAU28328,gene:lpg2263",lpg2263
"AAU28329,gene:lpg2264",lpg2264
"AAU28330,gene:lpg2265",lpg2265
"AAU28331,gene:lpg2266",lpg2266
"AAU28332,gene:lpg2267",lpg2267
"AAU28333,gene:lpg2268",lpg2268
"AAU28334,gene:lpg2269",lpg2269
"AAU28335,gene:lpg2270",lpg2270
"AAU28336,gene:lpg2271",lpg2271
"AAU28337,gene:lpg2272",lpg2272
"AAU28338,gene:lpg2273",lpg2273
"AAU28339,gene:lpg2274",lpg2274
"AAU28340,gene:lpg2275",lpg2275
"AAU28341,gene:lpg2276",lpg2276
"AAU28342,gene:lpg2277",lpg2277
"AAU28343,gene:lpg2278",lpg2278
"AAU28344,gene:lpg2279",lpg2279
"AAU28345,gene:lpg2280",lpg2280
"AAU28346,gene:lpg2281",lpg2281
"AAU28347,gene:lpg2282",lpg2282
"AAU28348,gene:lpg2283",lpg2283
"AAU28349,gene:lpg2284",lpg2284
"AAU28350,gene:lpg2285",lpg2285
"AAU28351,gene:lpg2286",lpg2286
"AAU28352,gene:lpg2287",lpg2287
"AAU28353,gene:lpg2288",lpg2288
"AAU28354,gene:lpg2289",lpg2289
"AAU28355,gene:lpg2293",lpg2293
"AAU28356,gene:lpg2294",lpg2294
"AAU28357,gene:lpg2295",lpg2295
"AAU28358,gene:lpg2296",lpg2296
"AAU28359,gene:lpg2297",lpg2297
"AAU28360,gene:lpg2298",lpg2298
"AAU28361,gene:lpg2299",lpg2299
"AAU28362,gene:lpg2300",lpg2300
"AAU28363,gene:lpg2301",lpg2301
"AAU28364,gene:lpg2302",lpg2302
"AAU28365,gene:lpg2303",lpg2303
"AAU28366,gene:lpg2304",lpg2304
"AAU28367,gene:lpg2305",lpg2305
"AAU28368,gene:lpg2306",lpg2306
"AAU28369,gene:lpg2307",lpg2307
"AAU28370,gene:lpg2308",lpg2308
"AAU28371,gene:lpg2309",lpg2309
"AAU28372,gene:lpg2310",lpg2310
"AAU28373,gene:lpg2311",lpg2311
"AAU28374,gene:lpg2312",lpg2312
"AAU28375,gene:lpg2313",lpg2313
"AAU28376,gene:lpg2314",lpg2314
"AAU28377,gene:lpg2315",lpg2315
"AAU28378,gene:lpg2316",lpg2316
"AAU28379,gene:lpg2317",lpg2317
"AAU28380,gene:lpg2318",lpg2318
"AAU28381,gene:lpg2319",lpg2319
"AAU28382,gene:lpg2320",lpg2320
"AAU28383,gene:lpg2321",lpg2321
"AAU28384,gene:lpg2322",lpg2322
"AAU28385,gene:lpg2323",lpg2323
"AAU28386,gene:lpg2324",lpg2324
"AAU28387,gene:lpg2325",lpg2325
"AAU28388,gene:lpg2326",lpg2326
"AAU28389,gene:lpg2327",lpg2327
"AAU28390,gene:lpg2328",lpg2328
"AAU28391,gene:lpg2329",lpg2329
"AAU28392,gene:lpg2330",lpg2330
"AAU28393,gene:lpg2331",lpg2331
"AAU28394,gene:lpg2332",lpg2332
"AAU28395,gene:lpg2333",lpg2333
"AAU28396,gene:lpg2334",lpg2334
"AAU28397,gene:lpg2335",lpg2335
"AAU28398,gene:lpg2336",lpg2336
"AAU28399,gene:lpg2337",lpg2337
"AAU28400,gene:lpg2338",lpg2338
"AAU28401,gene:lpg2339",lpg2339
"AAU28402,gene:lpg2340",lpg2340
"AAU28403,gene:lpg2341",lpg2341
"AAU28404,gene:lpg2342",lpg2342
"AAU28405,gene:lpg2343",lpg2343
"AAU28406,gene:lpg2344",lpg2344
"AAU28407,gene:lpg2345",lpg2345
"AAU28408,gene:lpg2346",lpg2346
"AAU28409,gene:lpg2347",lpg2347
"AAU28410,gene:lpg2348",lpg2348
"AAU28411,gene:lpg2349",lpg2349
"AAU28412,gene:lpg2350",lpg2350
"AAU28413,gene:lpg2351",lpg2351
"AAU28414,gene:lpg2352",lpg2352
"AAU28415,gene:lpg2353",lpg2353
"AAU28416,gene:lpg2354",lpg2354
"AAU28417,gene:lpg2355",lpg2355
"AAU28418,gene:lpg2356",lpg2356
"AAU28419,gene:lpg2357",lpg2357
"AAU28420,gene:lpg2358",lpg2358
"AAU28421,gene:lpg2359",lpg2359
"AAU28422,gene:lpg2360",lpg2360
"AAU28423,gene:lpg2361",lpg2361
"AAU28424,gene:lpg2363",lpg2363
"AAU28425,gene:lpg2364",lpg2364
"AAU28426,gene:lpg2365",lpg2365
"AAU28427,gene:lpg2366",lpg2366
"AAU28428,gene:lpg2367",lpg2367
"AAU28429,gene:lpg2368",lpg2368
"AAU28430,gene:lpg2369",lpg2369
"AAU28431,gene:lpg2370",lpg2370
"AAU28432,gene:lpg2371",lpg2371
"AAU28433,gene:lpg2372",lpg2372
"AAU28434,gene:lpg2373",lpg2373
"AAU28435,gene:lpg2374",lpg2374
"AAU28436,gene:lpg2375",lpg2375
"AAU28437,gene:lpg2376",lpg2376
"AAU28438,gene:lpg2377",lpg2377
"AAU28439,gene:lpg2378",lpg2378
"AAU28440,gene:lpg2379",lpg2379
"AAU28441,gene:lpg2380",lpg2380
"AAU28442,gene:lpg2381",lpg2381
"AAU28443,gene:lpg2382",lpg2382
"AAU28444,gene:lpg2383",lpg2383
"AAU28445,gene:lpg2384",lpg2384
"AAU28446,gene:lpg2385",lpg2385
"AAU28447,gene:lpg2386",lpg2386
"AAU28448,gene:lpg2387",lpg2387
"AAU28449,gene:lpg2388",lpg2388
"AAU28450,gene:lpg2389",lpg2389
"AAU28451,gene:lpg2390",lpg2390
"AAU28452,gene:lpg2391",lpg2391
"AAU28453,gene:lpg2392",lpg2392
"AAU28454,gene:lpg2393",lpg2393
"AAU28455,gene:lpg2394",lpg2394
"AAU28456,gene:lpg2395",lpg2395
"AAU28457,gene:lpg2396",lpg2396
"AAU28458,gene:lpg2397",lpg2397
"AAU28459,gene:lpg2398",lpg2398
"AAU28460,gene:lpg2399",lpg2399
"AAU28461,gene:lpg2400",lpg2400
"AAU28462,gene:lpg2401",lpg2401
"AAU28463,gene:lpg2402",lpg2402
"AAU28464,gene:lpg2403",lpg2403
"AAU28465,gene:lpg2404",lpg2404
"AAU28466,gene:lpg2405",lpg2405
"AAU28467,gene:lpg2406",lpg2406
"AAU28468,gene:lpg2407",lpg2407
"AAU28469,gene:lpg2408",lpg2408
"AAU28470,gene:lpg2409",lpg2409
"AAU28471,gene:lpg2410",lpg2410
"AAU28472,gene:lpg2411",lpg2411
"AAU28473,gene:lpg2412",lpg2412
"AAU28474,gene:lpg2413",lpg2413
"AAU28475,gene:lpg2414",lpg2414
"AAU28476,gene:lpg2415",lpg2415
"AAU28477,gene:lpg2416",lpg2416
"AAU28478,gene:lpg2417",lpg2417
"AAU28479,gene:lpg2418",lpg2418
"AAU28480,gene:lpg2419",lpg2419
"AAU28481,gene:lpg2420",lpg2420
"AAU28482,gene:lpg2421",lpg2421
"AAU28483,gene:lpg2422",lpg2422
"AAU28484,gene:lpg2423",lpg2423
"AAU28485,gene:lpg2424",lpg2424
"AAU28486,gene:lpg2425",lpg2425
"AAU28487,gene:lpg2426",lpg2426
"AAU28488,gene:lpg2427",lpg2427
"AAU28489,gene:lpg2428",lpg2428
"AAU28490,gene:lpg2429",lpg2429
"AAU28491,gene:lpg2430",lpg2430
"AAU28492,gene:lpg2431",lpg2431
"AAU28493,gene:lpg2432",lpg2432
"AAU28494,gene:lpg2433",lpg2433
"AAU28495,gene:lpg2434",lpg2434
"AAU28496,gene:lpg2435",lpg2435
"AAU28497,gene:lpg2436",lpg2436
"AAU28498,gene:lpg2437",lpg2437
"AAU28499,gene:lpg2438",lpg2438
"AAU28500,gene:lpg2439",lpg2439
"AAU28501,gene:lpg2440",lpg2440
"AAU28502,gene:lpg2441",lpg2441
"AAU28503,gene:lpg2442",lpg2442
"AAU28504,gene:lpg2443",lpg2443
"AAU28505,gene:lpg2444",lpg2444
"AAU28506,gene:lpg2445",lpg2445
"AAU28507,gene:lpg2446",lpg2446
"AAU28508,gene:lpg2448",lpg2448
"AAU28509,gene:lpg2449",lpg2449
"AAU28510,gene:lpg2450",lpg2450
"AAU28511,gene:lpg2451",lpg2451
"AAU28512,gene:lpg2452",lpg2452
"AAU28513,gene:lpg2453",lpg2453
"AAU28514,gene:lpg2454",lpg2454
"AAU28515,gene:lpg2455",lpg2455
"AAU28516,gene:lpg2456",lpg2456
"AAU28517,gene:lpg2457",lpg2457
"AAU28518,gene:lpg2458",lpg2458
"AAU28519,gene:lpg2459",lpg2459
"AAU28520,gene:lpg2460",lpg2460
"AAU28521,gene:lpg2461",lpg2461
"AAU28522,gene:lpg2462",lpg2462
"AAU28523,gene:lpg2463",lpg2463
"AAU28524,gene:lpg2464",lpg2464
"AAU28525,gene:lpg2465",lpg2465
"AAU28526,gene:lpg2466",lpg2466
"AAU28527,gene:lpg2467",lpg2467
"AAU28528,gene:lpg2468",lpg2468
"AAU28529,gene:lpg2469",lpg2469
"AAU28530,gene:lpg2470",lpg2470
"AAU28531,gene:lpg2471",lpg2471
"AAU28532,gene:lpg2472",lpg2472
"AAU28533,gene:lpg2473",lpg2473
"AAU28534,gene:lpg2474",lpg2474
"AAU28535,gene:lpg2475",lpg2475
"AAU28536,gene:lpg2476",lpg2476
"AAU28537,gene:lpg2477",lpg2477
"AAU28538,gene:lpg2478",lpg2478
"AAU28539,gene:lpg2479",lpg2479
"AAU28540,gene:lpg2480",lpg2480
"AAU28541,gene:lpg2481",lpg2481
"AAU28542,gene:lpg2482",lpg2482
"AAU28543,gene:lpg2483",lpg2483
"AAU28544,gene:lpg2484",lpg2484
"AAU28545,gene:lpg2485",lpg2485
"AAU28546,gene:lpg2486",lpg2486
"AAU28547,gene:lpg2487",lpg2487
"AAU28548,gene:lpg2488",lpg2488
"AAU28549,gene:lpg2489",lpg2489
"AAU28550,gene:lpg2490",lpg2490
"AAU28551,gene:lpg2491",lpg2491
"AAU28552,gene:lpg2492",lpg2492
"AAU28553,gene:lpg2493",lpg2493
"AAU28554,gene:lpg2494",lpg2494
"AAU28555,gene:lpg2495",lpg2495
"AAU28556,gene:lpg2496",lpg2496
"AAU28557,gene:lpg2497",lpg2497
"AAU28558,gene:lpg2498",lpg2498
"AAU28559,gene:lpg2499",lpg2499
"AAU28560,gene:lpg2500",lpg2500
"AAU28561,gene:lpg2501",lpg2501
"AAU28562,gene:lpg2502",lpg2502
"AAU28563,gene:lpg2503",lpg2503
"AAU28564,gene:lpg2504",lpg2504
"AAU28565,gene:lpg2505",lpg2505
"AAU28566,gene:lpg2506",lpg2506
"AAU28567,gene:lpg2507",lpg2507
"AAU28568,gene:lpg2508",lpg2508
"AAU28569,gene:lpg2509",lpg2509
"AAU28570,gene:lpg2510",lpg2510
"AAU28571,gene:lpg2511",lpg2511
"AAU28572,gene:lpg2512",lpg2512
"AAU28573,gene:lpg2513",lpg2513
"AAU28574,gene:lpg2514",lpg2514
"AAU28575,gene:lpg2515",lpg2515
"AAU28576,gene:lpg2516",lpg2516
"AAU28577,gene:lpg2517",lpg2517
"AAU28578,gene:lpg2518",lpg2518
"AAU28579,gene:lpg2519",lpg2519
"AAU28580,gene:lpg2520",lpg2520
"AAU28581,gene:lpg2521",lpg2521
"AAU28582,gene:lpg2522",lpg2522
"AAU28583,gene:lpg2523",lpg2523
"AAU28584,gene:lpg2524",lpg2524
"AAU28585,gene:lpg2525",lpg2525
"AAU28586,gene:lpg2526",lpg2526
"AAU28587,gene:lpg2527",lpg2527
"AAU28588,gene:lpg2528",lpg2528
"AAU28589,gene:lpg2529",lpg2529
"AAU28590,gene:lpg2530",lpg2530
"AAU28591,gene:lpg2531",lpg2531
"AAU28592,gene:lpg2532",lpg2532
"AAU28593,gene:lpg2533",lpg2533
"AAU28594,gene:lpg2534",lpg2534
"AAU28595,gene:lpg2535",lpg2535
"AAU28596,gene:lpg2536",lpg2536
"AAU28597,gene:lpg2537",lpg2537
"AAU28598,gene:lpg2538",lpg2538
"AAU28599,gene:lpg2539",lpg2539
"AAU28600,gene:lpg2540",lpg2540
"AAU28601,gene:lpg2541",lpg2541
"AAU28602,gene:lpg2542",lpg2542
"AAU28603,gene:lpg2543",lpg2543
"AAU28604,gene:lpg2544",lpg2544
"AAU28605,gene:lpg2545",lpg2545
"AAU28606,gene:lpg2546",lpg2546
"AAU28607,gene:lpg2547",lpg2547
"AAU28608,gene:lpg2548",lpg2548
"AAU28609,gene:lpg2549",lpg2549
"AAU28610,gene:lpg2550",lpg2550
"AAU28611,gene:lpg2551",lpg2551
"AAU28612,gene:lpg2552",lpg2552
"AAU28613,gene:lpg2553",lpg2553
"AAU28614,gene:lpg2554",lpg2554
"AAU28615,gene:lpg2555",lpg2555
"AAU28616,gene:lpg2556",lpg2556
"AAU28617,gene:lpg2557",lpg2557
"AAU28618,gene:lpg2558",lpg2558
"AAU28619,gene:lpg2559",lpg2559
"AAU28620,gene:lpg2560",lpg2560
"AAU28621,gene:lpg2561",lpg2561
"AAU28622,gene:lpg2562",lpg2562
"AAU28623,gene:lpg2563",lpg2563
"AAU28624,gene:lpg2564",lpg2564
"AAU28625,gene:lpg2565",lpg2565
"AAU28626,gene:lpg2566",lpg2566
"AAU28627,gene:lpg2567",lpg2567
"AAU28628,gene:lpg2568",lpg2568
"AAU28629,gene:lpg2569",lpg2569
"AAU28630,gene:lpg2571",lpg2571
"AAU28631,gene:lpg2572",lpg2572
"AAU28632,gene:lpg2573",lpg2573
"AAU28633,gene:lpg2574",lpg2574
"AAU28634,gene:lpg2576",lpg2576
"AAU28635,gene:lpg2577",lpg2577
"AAU28636,gene:lpg2578",lpg2578
"AAU28637,gene:lpg2579",lpg2579
"AAU28638,gene:lpg2580",lpg2580
"AAU28639,gene:lpg2581",lpg2581
"AAU28640,gene:lpg2582",lpg2582
"AAU28641,gene:lpg2583",lpg2583
"AAU28642,gene:lpg2584",lpg2584
"AAU28643,gene:lpg2585",lpg2585
"AAU28644,gene:lpg2586",lpg2586
"AAU28645,gene:lpg2587",lpg2587
"AAU28646,gene:lpg2588",lpg2588
"AAU28647,gene:lpg2589",lpg2589
"AAU28648,gene:lpg2590",lpg2590
"AAU28649,gene:lpg2591",lpg2591
"AAU28650,gene:lpg2592",lpg2592
"AAU28651,gene:lpg2593",lpg2593
"AAU28652,gene:lpg2594",lpg2594
"AAU28653,gene:lpg2595",lpg2595
"AAU28654,gene:lpg2596",lpg2596
"AAU28655,gene:lpg2597",lpg2597
"AAU28656,gene:lpg2598",lpg2598
"AAU28657,gene:lpg2599",lpg2599
"AAU28658,gene:lpg2600",lpg2600
"AAU28659,gene:lpg2601",lpg2601
"AAU28660,gene:lpg2602",lpg2602
"AAU28661,gene:lpg2603",lpg2603
"AAU28662,gene:lpg2604",lpg2604
"AAU28663,gene:lpg2605",lpg2605
"AAU28664,gene:lpg2606",lpg2606
"AAU28665,gene:lpg2607",lpg2607
"AAU28666,gene:lpg2608",lpg2608
"AAU28667,gene:lpg2609",lpg2609
"AAU28668,gene:lpg2610",lpg2610
"AAU28669,gene:lpg2611",lpg2611
"AAU28670,gene:lpg2612",lpg2612
"AAU28671,gene:lpg2613",lpg2613
"AAU28672,gene:lpg2614",lpg2614
"AAU28673,gene:lpg2615",lpg2615
"AAU28674,gene:lpg2616",lpg2616
"AAU28675,gene:lpg2617",lpg2617
"AAU28676,gene:lpg2618",lpg2618
"AAU28677,gene:lpg2619",lpg2619
"AAU28678,gene:lpg2620",lpg2620
"AAU28679,gene:lpg2621",lpg2621
"AAU28680,gene:lpg2622",lpg2622
"AAU28681,gene:lpg2623",lpg2623
"AAU28682,gene:lpg2624",lpg2624
"AAU28683,gene:lpg2625",lpg2625
"AAU28684,gene:lpg2626",lpg2626
"AAU28685,gene:lpg2627",lpg2627
"AAU28686,gene:lpg2628",lpg2628
"AAU28687,gene:lpg2629",lpg2629
"AAU28688,gene:lpg2630",lpg2630
"AAU28689,gene:lpg2631",lpg2631
"AAU28690,gene:lpg2632",lpg2632
"AAU28691,gene:lpg2633",lpg2633
"AAU28692,gene:lpg2634",lpg2634
"AAU28693,gene:lpg2635",lpg2635
"AAU28694,gene:lpg2636",lpg2636
"AAU28695,gene:lpg2637",lpg2637
"AAU28696,gene:lpg2638",lpg2638
"AAU28697,gene:lpg2639",lpg2639
"AAU28698,gene:lpg2640",lpg2640
"AAU28699,gene:lpg2641",lpg2641
"AAU28700,gene:lpg2642",lpg2642
"AAU28701,gene:lpg2643",lpg2643
"AAU28702,gene:lpg2644",lpg2644
"AAU28703,gene:lpg2645",lpg2645
"AAU28704,gene:lpg2646",lpg2646
"AAU28705,gene:lpg2647",lpg2647
"AAU28706,gene:lpg2648",lpg2648
"AAU28707,gene:lpg2649",lpg2649
"AAU28708,gene:lpg2650",lpg2650
"AAU28709,gene:lpg2651",lpg2651
"AAU28710,gene:lpg2652",lpg2652
"AAU28711,gene:lpg2653",lpg2653
"AAU28712,gene:lpg2654",lpg2654
"AAU28713,gene:lpg2655",lpg2655
"AAU28714,gene:lpg2656",lpg2656
"AAU28715,gene:lpg2657",lpg2657
"AAU28716,gene:lpg2658",lpg2658
"AAU28717,gene:lpg2659",lpg2659
"AAU28718,gene:lpg2660",lpg2660
"AAU28719,gene:lpg2661",lpg2661
"AAU28720,gene:lpg2662",lpg2662
"AAU28721,gene:lpg2663",lpg2663
"AAU28722,gene:lpg2664",lpg2664
"AAU28723,gene:lpg2665",lpg2665
"AAU28724,gene:lpg2666",lpg2666
"AAU28725,gene:lpg2667",lpg2667
"AAU28726,gene:lpg2668",lpg2668
"AAU28727,gene:lpg2669",lpg2669
"AAU28728,gene:lpg2670",lpg2670
"AAU28729,gene:lpg2671",lpg2671
"AAU28730,gene:lpg2672",lpg2672
"AAU28731,gene:lpg2673",lpg2673
"AAU28732,gene:lpg2674",lpg2674
"AAU28733,gene:lpg2675",lpg2675
"AAU28734,gene:lpg2676",lpg2676
"AAU28735,gene:lpg2677",lpg2677
"AAU28736,gene:lpg2678",lpg2678
"AAU28737,gene:lpg2679",lpg2679
"AAU28738,gene:lpg2680",lpg2680
"AAU28739,gene:lpg2681",lpg2681
"AAU28740,gene:lpg2682",lpg2682
"AAU28741,gene:lpg2683",lpg2683
"AAU28742,gene:lpg2684",lpg2684
"AAU28743,gene:lpg2685",lpg2685
"AAU28744,gene:lpg2686",lpg2686
"AAU28745,gene:lpg2687",lpg2687
"AAU28746,gene:lpg2688",lpg2688
"AAU28747,gene:lpg2689",lpg2689
"AAU28748,gene:lpg2690",lpg2690
"AAU28749,gene:lpg2691",lpg2691
"AAU28750,gene:lpg2692",lpg2692
"AAU28751,gene:lpg2693",lpg2693
"AAU28752,gene:lpg2694",lpg2694
"AAU28753,gene:lpg2695",lpg2695
"AAU28754,gene:lpg2696",lpg2696
"AAU28755,gene:lpg2697",lpg2697
"AAU28756,gene:lpg2698",lpg2698
"AAU28757,gene:lpg2699",lpg2699
"AAU28758,gene:lpg2700",lpg2700
"AAU28759,gene:lpg2701",lpg2701
"AAU28760,gene:lpg2702",lpg2702
"AAU28761,gene:lpg2703",lpg2703
"AAU28762,gene:lpg2704",lpg2704
"AAU28763,gene:lpg2705",lpg2705
"AAU28764,gene:lpg2706",lpg2706
"AAU28765,gene:lpg2707",lpg2707
"AAU28766,gene:lpg2708",lpg2708
"AAU28767,gene:lpg2709",lpg2709
"AAU28768,gene:lpg2710",lpg2710
"AAU28769,gene:lpg2711",lpg2711
"AAU28770,gene:lpg2712",lpg2712
"AAU28771,gene:lpg2713",lpg2713
"AAU28772,gene:lpg2714",lpg2714
"AAU28773,gene:lpg2716",lpg2716
"AAU28774,gene:lpg2717",lpg2717
"AAU28775,gene:lpg2718",lpg2718
"AAU28776,gene:lpg2719",lpg2719
"AAU28777,gene:lpg2720",lpg2720
"AAU28778,gene:lpg2721",lpg2721
"AAU28779,gene:lpg2722",lpg2722
"AAU28780,gene:lpg2723",lpg2723
"AAU28781,gene:lpg2724",lpg2724
"AAU28782,gene:lpg2725",lpg2725
"AAU28783,gene:lpg2726",lpg2726
"AAU28784,gene:lpg2727",lpg2727
"AAU28785,gene:lpg2728",lpg2728
"AAU28786,gene:lpg2730",lpg2730
"AAU28787,gene:lpg2731",lpg2731
"AAU28788,gene:lpg2732",lpg2732
"AAU28789,gene:lpg2733",lpg2733
"AAU28790,gene:lpg2734",lpg2734
"AAU28791,gene:lpg2735",lpg2735
"AAU28792,gene:lpg2736",lpg2736
"AAU28793,gene:lpg2737",lpg2737
"AAU28794,gene:lpg2738",lpg2738
"AAU28795,gene:lpg2739",lpg2739
"AAU28796,gene:lpg2740",lpg2740
"AAU28797,gene:lpg2741",lpg2741
"AAU28798,gene:lpg2742",lpg2742
"AAU28799,gene:lpg2743",lpg2743
"AAU28800,gene:lpg2744",lpg2744
"AAU28801,gene:lpg2745",lpg2745
"AAU28802,gene:lpg2749",lpg2749
"AAU28803,gene:lpg2750",lpg2750
"AAU28804,gene:lpg2751",lpg2751
"AAU28805,gene:lpg2754",lpg2754
"AAU28806,gene:lpg2755",lpg2755
"AAU28807,gene:lpg2756",lpg2756
"AAU28808,gene:lpg2757",lpg2757
"AAU28809,gene:lpg2758",lpg2758
"AAU28810,gene:lpg2759",lpg2759
"AAU28811,gene:lpg2760",lpg2760
"AAU28812,gene:lpg2761",lpg2761
"AAU28813,gene:lpg2762",lpg2762
"AAU28814,gene:lpg2763",lpg2763
"AAU28815,gene:lpg2764",lpg2764
"AAU28816,gene:lpg2765",lpg2765
"AAU28817,gene:lpg2766",lpg2766
"AAU28818,gene:lpg2767",lpg2767
"AAU28819,gene:lpg2768",lpg2768
"AAU28820,gene:lpg2769",lpg2769
"AAU28821,gene:lpg2770",lpg2770
"AAU28822,gene:lpg2771",lpg2771
"AAU28823,gene:lpg2772",lpg2772
"AAU28824,gene:lpg2773",lpg2773
"AAU28825,gene:lpg2774",lpg2774
"AAU28826,gene:lpg2776",lpg2776
"AAU28827,gene:lpg2777",lpg2777
"AAU28828,gene:lpg2778",lpg2778
"AAU28829,gene:lpg2779",lpg2779
"AAU28830,gene:lpg2780",lpg2780
"AAU28831,gene:lpg2781",lpg2781
"AAU28832,gene:lpg2782",lpg2782
"AAU28833,gene:lpg2783",lpg2783
"AAU28834,gene:lpg2784",lpg2784
"AAU28835,gene:lpg2785",lpg2785
"AAU28836,gene:lpg2786",lpg2786
"AAU28837,gene:lpg2787",lpg2787
"AAU28838,gene:lpg2788",lpg2788
"AAU28839,gene:lpg2789",lpg2789
"AAU28840,gene:lpg2791",lpg2791
"AAU28841,gene:lpg2792",lpg2792
"AAU28842,gene:lpg2793",lpg2793
"AAU28843,gene:lpg2794",lpg2794
"AAU28844,gene:lpg2795",lpg2795
"AAU28845,gene:lpg2796",lpg2796
"AAU28846,gene:lpg2797",lpg2797
"AAU28847,gene:lpg2799",lpg2799
"AAU28848,gene:lpg2800",lpg2800
"AAU28849,gene:lpg2801",lpg2801
"AAU28850,gene:lpg2802",lpg2802
"AAU28851,gene:lpg2803",lpg2803
"AAU28852,gene:lpg2804",lpg2804
"AAU28853,gene:lpg2805",lpg2805
"AAU28854,gene:lpg2806",lpg2806
"AAU28855,gene:lpg2807",lpg2807
"AAU28856,gene:lpg2808",lpg2808
"AAU28857,gene:lpg2809",lpg2809
"AAU28858,gene:lpg2810",lpg2810
"AAU28859,gene:lpg2811",lpg2811
"AAU28860,gene:lpg2812",lpg2812
"AAU28861,gene:lpg2813",lpg2813
"AAU28862,gene:lpg2814",lpg2814
"AAU28863,gene:lpg2815",lpg2815
"AAU28864,gene:lpg2816",lpg2816
"AAU28865,gene:lpg2817",lpg2817
"AAU28866,gene:lpg2818",lpg2818
"AAU28867,gene:lpg2819",lpg2819
"AAU28868,gene:lpg2820",lpg2820
"AAU28869,gene:lpg2821",lpg2821
"AAU28870,gene:lpg2822",lpg2822
"AAU28871,gene:lpg2823",lpg2823
"AAU28872,gene:lpg2824",lpg2824
"AAU28873,gene:lpg2825",lpg2825
"AAU28874,gene:lpg2826",lpg2826
"AAU28875,gene:lpg2827",lpg2827
"AAU28876,gene:lpg2828",lpg2828
"AAU28877,gene:lpg2829",lpg2829
"AAU28878,gene:lpg2830",lpg2830
"AAU28879,gene:lpg2831",lpg2831
"AAU28880,gene:lpg2832",lpg2832
"AAU28881,gene:lpg2833",lpg2833
"AAU28882,gene:lpg2834",lpg2834
"AAU28883,gene:lpg2835",lpg2835
"AAU28884,gene:lpg2836",lpg2836
"AAU28885,gene:lpg2837",lpg2837
"AAU28886,gene:lpg2838",lpg2838
"AAU28887,gene:lpg2839",lpg2839
"AAU28888,gene:lpg2840",lpg2840
"AAU28889,gene:lpg2841",lpg2841
"AAU28890,gene:lpg2842",lpg2842
"AAU28891,gene:lpg2843",lpg2843
"AAU28892,gene:lpg2844",lpg2844
"AAU28893,gene:lpg2845",lpg2845
"AAU28894,gene:lpg2846",lpg2846
"AAU28895,gene:lpg2847",lpg2847
"AAU28896,gene:lpg2848",lpg2848
"AAU28897,gene:lpg2849",lpg2849
"AAU28898,gene:lpg2850",lpg2850
"AAU28899,gene:lpg2851",lpg2851
"AAU28900,gene:lpg2852",lpg2852
"AAU28901,gene:lpg2853",lpg2853
"AAU28902,gene:lpg2854",lpg2854
"AAU28903,gene:lpg2855",lpg2855
"AAU28904,gene:lpg2856",lpg2856
"AAU28905,gene:lpg2858",lpg2858
"AAU28906,gene:lpg2859",lpg2859
"AAU28907,gene:lpg2860",lpg2860
"AAU28908,gene:lpg2861",lpg2861
"AAU28909,gene:lpg2862",lpg2862
"AAU28910,gene:lpg2863",lpg2863
"AAU28911,gene:lpg2864",lpg2864
"AAU28912,gene:lpg2865",lpg2865
"AAU28913,gene:lpg2866",lpg2866
"AAU28914,gene:lpg2867",lpg2867
"AAU28915,gene:lpg2868",lpg2868
"AAU28916,gene:lpg2869",lpg2869
"AAU28917,gene:lpg2870",lpg2870
"AAU28918,gene:lpg2871",lpg2871
"AAU28919,gene:lpg2872",lpg2872
"AAU28920,gene:lpg2873",lpg2873
"AAU28921,gene:lpg2874",lpg2874
"AAU28922,gene:lpg2875",lpg2875
"AAU28923,gene:lpg2876",lpg2876
"AAU28924,gene:lpg2877",lpg2877
"AAU28925,gene:lpg2878",lpg2878
"AAU28926,gene:lpg2879",lpg2879
"AAU28927,gene:lpg2880",lpg2880
"AAU28928,gene:lpg2881",lpg2881
"AAU28929,gene:lpg2882",lpg2882
"AAU28930,gene:lpg2883",lpg2883
"AAU28931,gene:lpg2884",lpg2884
"AAU28932,gene:lpg2885",lpg2885
"AAU28933,gene:lpg2886",lpg2886
"AAU28934,gene:lpg2887",lpg2887
"AAU28935,gene:lpg2888",lpg2888
"AAU28936,gene:lpg2889",lpg2889
"AAU28937,gene:lpg2890",lpg2890
"AAU28938,gene:lpg2891",lpg2891
"AAU28939,gene:lpg2892",lpg2892
"AAU28940,gene:lpg2893",lpg2893
"AAU28941,gene:lpg2894",lpg2894
"AAU28942,gene:lpg2895",lpg2895
"AAU28943,gene:lpg2896",lpg2896
"AAU28944,gene:lpg2897",lpg2897
"AAU28945,gene:lpg2898",lpg2898
"AAU28946,gene:lpg2900",lpg2900
"AAU28947,gene:lpg2901",lpg2901
"AAU28948,gene:lpg2902",lpg2902
"AAU28949,gene:lpg2903",lpg2903
"AAU28950,gene:lpg2904",lpg2904
"AAU28951,gene:lpg2905",lpg2905
"AAU28952,gene:lpg2906",lpg2906
"AAU28953,gene:lpg2907",lpg2907
"AAU28954,gene:lpg2908",lpg2908
"AAU28955,gene:lpg2909",lpg2909
"AAU28956,gene:lpg2910",lpg2910
"AAU28957,gene:lpg2911",lpg2911
"AAU28958,gene:lpg2912",lpg2912
"AAU28959,gene:lpg2913",lpg2913
"AAU28960,gene:lpg2914",lpg2914
"AAU28961,gene:lpg2915",lpg2915
"AAU28962,gene:lpg2916",lpg2916
"AAU28963,gene:lpg2917",lpg2917
"AAU28964,gene:lpg2918",lpg2918
"AAU28965,gene:lpg2919",lpg2919
"AAU28966,gene:lpg2920",lpg2920
"AAU28967,gene:lpg2921",lpg2921
"AAU28968,gene:lpg2922",lpg2922
"AAU28969,gene:lpg2923",lpg2923
"AAU28970,gene:lpg2924",lpg2924
"AAU28971,gene:lpg2925",lpg2925
"AAU28972,gene:lpg2926",lpg2926
"AAU28973,gene:lpg2927",lpg2927
"AAU28974,gene:lpg2928",lpg2928
"AAU28975,gene:lpg2929",lpg2929
"AAU28976,gene:lpg2930",lpg2930
"AAU28977,gene:lpg2931",lpg2931
"AAU28978,gene:lpg2932",lpg2932
"AAU28979,gene:lpg2933",lpg2933
"AAU28980,gene:lpg2934",lpg2934
"AAU28981,gene:lpg2935",lpg2935
"AAU28982,gene:lpg2936",lpg2936
"AAU28983,gene:lpg2937",lpg2937
"AAU28984,gene:lpg2938",lpg2938
"AAU28985,gene:lpg2939",lpg2939
"AAU28986,gene:lpg2940",lpg2940
"AAU28987,gene:lpg2941",lpg2941
"AAU28988,gene:lpg2942",lpg2942
"AAU28989,gene:lpg2943",lpg2943
"AAU28990,gene:lpg2944",lpg2944
"AAU28991,gene:lpg2945",lpg2945
"AAU28992,gene:lpg2946",lpg2946
"AAU28993,gene:lpg2947",lpg2947
"AAU28994,gene:lpg2948",lpg2948
"AAU28995,gene:lpg2949",lpg2949
"AAU28996,gene:lpg2950",lpg2950
"AAU28997,gene:lpg2951",lpg2951
"AAU28998,gene:lpg2952",lpg2952
"AAU28999,gene:lpg2953",lpg2953
"AAU29000,gene:lpg2954",lpg2954
"AAU29001,gene:lpg2955",lpg2955
"AAU29002,gene:lpg2956",lpg2956
"AAU29003,gene:lpg2957",lpg2957
"AAU29004,gene:lpg2958",lpg2958
"AAU29005,gene:lpg2959",lpg2959
"AAU29006,gene:lpg2960",lpg2960
"AAU29007,gene:lpg2961",lpg2961
"AAU29008,gene:lpg2962",lpg2962
"AAU29009,gene:lpg2963",lpg2963
"AAU29010,gene:lpg2964",lpg2964
"AAU29011,gene:lpg2965",lpg2965
"AAU29012,gene:lpg2966",lpg2966
"AAU29013,gene:lpg2967",lpg2967
"AAU29014,gene:lpg2968",lpg2968
"AAU29015,gene:lpg2969",lpg2969
"AAU29016,gene:lpg2970",lpg2970
"AAU29017,gene:lpg2971",lpg2971
"AAU29018,gene:lpg2972",lpg2972
"AAU29019,gene:lpg2974",lpg2974
"AAU29020,gene:lpg2975",lpg2975
"AAU29021,gene:lpg2976",lpg2976
"AAU29022,gene:lpg2977",lpg2977
"AAU29023,gene:lpg2978",lpg2978
"AAU29024,gene:lpg2979",lpg2979
"AAU29025,gene:lpg2980",lpg2980
"AAU29026,gene:lpg2981",lpg2981
"AAU29027,gene:lpg2982",lpg2982
"AAU29028,gene:lpg2983",lpg2983
"AAU29029,gene:lpg2984",lpg2984
"AAU29030,gene:lpg2985",lpg2985
"AAU29031,gene:lpg2986",lpg2986
"AAU29032,gene:lpg2987",lpg2987
"AAU29033,gene:lpg2988",lpg2988
"AAU29034,gene:lpg2989",lpg2989
"AAU29035,gene:lpg2990",lpg2990
"AAU29036,gene:lpg2991",lpg2991
"AAU29037,gene:lpg2992",lpg2992
"AAU29038,gene:lpg2993",lpg2993
"AAU29039,gene:lpg2994",lpg2994
"AAU29040,gene:lpg2995",lpg2995
"AAU29041,gene:lpg2996",lpg2996
"AAU29042,gene:lpg2997",lpg2997
"AAU29043,gene:lpg2998",lpg2998
"AAU29044,gene:lpg2999",lpg2999
"AAU29045,gene:lpg3000",lpg3000
"AAU29046,gene:lpg3001",lpg3001
"AAU29047,gene:lpg3002",lpg3002
"AAU29048,gene:lpg3003",lpg3003
"AAU29049,gene:lpg3004",lpg3004
"AAU29050,gene:lpg3005",lpg3005
